-- phpMyAdmin SQL Dump
-- version 5.2.1
-- https://www.phpmyadmin.net/
--
-- Máy chủ: 127.0.0.1
-- Thời gian đã tạo: Th12 03, 2023 lúc 03:07 PM
-- Phiên bản máy phục vụ: 10.4.28-MariaDB
-- Phiên bản PHP: 8.2.4

SET SQL_MODE = "NO_AUTO_VALUE_ON_ZERO";
START TRANSACTION;
SET time_zone = "+00:00";


/*!40101 SET @OLD_CHARACTER_SET_CLIENT=@@CHARACTER_SET_CLIENT */;
/*!40101 SET @OLD_CHARACTER_SET_RESULTS=@@CHARACTER_SET_RESULTS */;
/*!40101 SET @OLD_COLLATION_CONNECTION=@@COLLATION_CONNECTION */;
/*!40101 SET NAMES utf8mb4 */;

--
-- Cơ sở dữ liệu: `techtrend`
--

-- --------------------------------------------------------

--
-- Cấu trúc bảng cho bảng `banners`
--

CREATE TABLE `banners` (
  `banner_id` int(11) NOT NULL,
  `banner_name` varchar(255) NOT NULL,
  `banner_image` varchar(255) DEFAULT NULL,
  `content` text DEFAULT NULL,
  `link` varchar(255) DEFAULT NULL
) ENGINE=InnoDB DEFAULT CHARSET=utf8mb4 COLLATE=utf8mb4_general_ci;

--
-- Đang đổ dữ liệu cho bảng `banners`
--

INSERT INTO `banners` (`banner_id`, `banner_name`, `banner_image`, `content`, `link`) VALUES
(8, 'banner 1', '../assets/img/imgbanners/20231203145927_laptop_black_friday_788060f995674e7a989b01df267763a2.webp', 'banner 1', 'http://localhost/techtrend/shop-details.php?product_id=19'),
(9, 'banner 2', '../assets/img/imgbanners/20231203150003_man_hinh_slider_3_37fbd365f63c44a89fa2a63139209dba.webp', 'banner 1', 'http://localhost/techtrend/shop-details.php?product_id=18');

-- --------------------------------------------------------

--
-- Cấu trúc bảng cho bảng `brands`
--

CREATE TABLE `brands` (
  `brand_id` int(11) NOT NULL,
  `brand_name` varchar(255) NOT NULL,
  `brand_image` varchar(255) DEFAULT NULL
) ENGINE=InnoDB DEFAULT CHARSET=utf8mb4 COLLATE=utf8mb4_general_ci;

--
-- Đang đổ dữ liệu cho bảng `brands`
--

INSERT INTO `brands` (`brand_id`, `brand_name`, `brand_image`) VALUES
(1, 'Asus', '../assets/img/imgbrand/20231201040428_636121275207553012_asus-cover.jpg'),
(2, 'Acer', '../assets/img/imgbrand/20231201035846_images.png'),
(3, 'MSI', '../assets/img/imgbrand/20231201040006_images.jpg'),
(4, 'DELL', '../assets/img/imgbrand/20231201040025_dell-computer-hardware-digital-art-wallpaper-preview.jpg'),
(6, 'LENOVO', '../assets/img/imgbrand/20231201040136_desktop-wallpaper-lenovo-mobile-logo-symbol-vectors-lenovo-logo.jpg'),
(7, 'GIGABYTE/AORUS', '../assets/img/imgbrand/20231201123140_41b7c88181d76bbcbb6fb3c3dd578ca4.jpg');

-- --------------------------------------------------------

--
-- Cấu trúc bảng cho bảng `categories`
--

CREATE TABLE `categories` (
  `category_id` int(11) NOT NULL,
  `category_name` varchar(255) NOT NULL,
  `category_content` text DEFAULT NULL
) ENGINE=InnoDB DEFAULT CHARSET=utf8mb4 COLLATE=utf8mb4_general_ci;

--
-- Đang đổ dữ liệu cho bảng `categories`
--

INSERT INTO `categories` (`category_id`, `category_name`, `category_content`) VALUES
(1, 'Laptop Gaming', 'Mua laptop gaming chơi game giá rẻ, chính hãng 100%, bảo hành chu đáo, giao hàng nhanh, hỗ trợ trả góp 0%. Tham khảo ngay tại Tech Trend!'),
(3, 'Laptop', 'Laptop học tập cho học sinh, sinh viên'),
(4, 'PC TechTrend', 'PC đẹp và nhiều mẫu mã'),
(5, 'Màn Hình', 'Màn Hình PC'),
(6, 'Bàn Phím', 'Bàn Phím Nhiều Mẫu Mã'),
(7, 'Chuột - Lót Chuột', 'Chuột + Lót Chuột'),
(8, 'Tai Nghe - Loa', 'Tai Nghe - Loa'),
(9, 'Ghế - Bàn', 'Ghế - Bàn');

-- --------------------------------------------------------

--
-- Cấu trúc bảng cho bảng `news`
--

CREATE TABLE `news` (
  `news_id` int(11) NOT NULL,
  `news_name` varchar(255) NOT NULL,
  `news_image` varchar(255) DEFAULT NULL,
  `content` text DEFAULT NULL
) ENGINE=InnoDB DEFAULT CHARSET=utf8mb4 COLLATE=utf8mb4_general_ci;

--
-- Đang đổ dữ liệu cho bảng `news`
--

INSERT INTO `news` (`news_id`, `news_name`, `news_image`, `content`) VALUES
(2, 'Vì RTX 4090 bị cấm nên giá RX 7900 XTX tăng vọt ở Trung Quốc', '../assets/img/imgnews/20231201110939_amd-radeon-rx-7900-xtx-gpu-prices-nvidia-rtx-4090-ban_fc982f6bc4c047e68cd5999efafc27d5_grande.webp', '<p><strong><em>C&aacute;c nh&agrave; b&aacute;n lẻ ở Trung Quốc đ&atilde; tăng gi&aacute; GPU AMD Radeon RX 7900 XTX do Mỹ đ&atilde; cấm xuất khẩu RTX 4090 sang Trung Quốc.</em></strong></p>\r\n\r\n<p>Với việc RTX 4090 bị Mỹ cấm xuất khẩu sang Trung Quốc, nhiều người ở đ&acirc;y đ&atilde; t&igrave;m những chiếc&nbsp;<a href=\"https://gearvn.com/collections/vga-card-man-hinh\">card m&agrave;n h&igrave;nh</a>&nbsp;kh&aacute;c để thay thế, v&agrave; GPU AMD ch&iacute;nh l&agrave; c&aacute;i t&ecirc;n đầu ti&ecirc;n m&agrave; họ nghĩ đến. Do nhu cầu mua&nbsp;<a href=\"https://gearvn.com/collections/vga-rtx-4090\">RTX 4090</a>&nbsp;đang cực kỳ cao, cho n&ecirc;n một số đại l&yacute; b&aacute;n lẻ ở Trung Quốc cũng đ&atilde; tận dụng thời cơ n&agrave;y để tăng gi&aacute; b&aacute;n card đầu bảng của đội đỏ -&nbsp;<a href=\"https://gearvn.com/search?q=RX%207900%20XTX\">RX 7900 XTX</a>.</p>\r\n\r\n<p><img src=\"https://file.hstatic.net/200000722513/file/geforce-rtx-4090-product-gallery-inline-850-2-1-1_6e66a41ba5d74d53a9acddf394fc2a17.jpg\" /></p>\r\n\r\n<p>&nbsp;</p>\r\n\r\n<p>Theo trang MyDrivers, RTX 4090 đang được b&aacute;n lẻ với gi&aacute; tầm 20.000 Nh&acirc;n d&acirc;n tệ, do c&aacute;c nh&agrave; b&aacute;n lẻ n&agrave;y thường mua được chiếc card với gi&aacute; trong khoảng 15.000 đến 17.000 Nh&acirc;n d&acirc;n tệ. R&otilde; r&agrave;ng rằng đ&acirc;y l&agrave; mức gi&aacute; rất cao, do gi&aacute; b&aacute;n lẻ khuyến nghị ban đầu của RTX 4090 l&agrave; tầm 12.999 Nh&acirc;n d&acirc;n tệ. Ấy vậy m&agrave; vẫn cho nhiều cửa h&agrave;ng hết sạch RTX 4090 lu&ocirc;n c&aacute;c bạn ạ.</p>\r\n\r\n<p><img src=\"https://file.hstatic.net/200000722513/file/amd-rdna-3-radeon-rx-7900-xtx-7900-xt-graphics-cards-design-gpu-_10_0c58e5b25ab642edab52829c3f42f957.jpg\" /></p>\r\n\r\n<p>&nbsp;</p>\r\n\r\n<p>Tận dụng thời cơ n&agrave;y, một số b&ecirc;n đ&atilde; nhanh tay tăng gi&aacute; của những chiếc card cao cấp kh&aacute;c để kiếm lời. Trong đ&oacute;, AMD Radeon RX 7900 XTX l&agrave; ứng cử vi&ecirc;n s&aacute;ng gi&aacute; nhất để thay thế cho RTX 4090, v&agrave; n&oacute; cũng c&oacute; 24GB VRAM để đ&aacute;p ứng cho những người d&ugrave;ng chuy&ecirc;n nghiệp hoặc nh&agrave; s&aacute;ng tạo nội dung. Trong đợt sự kiện 11/11/2023 vừa qua, RX 7900 XTX đ&atilde; được b&aacute;n với gi&aacute; tầm 7000 Nh&acirc;n d&acirc;n tệ, nhưng dự l&agrave; sắp tới đ&acirc;y n&oacute; sẽ tăng th&ecirc;m nữa.</p>\r\n\r\n<p>Việc cấm xuất khẩu RTX 4090 cũng tạo hiệu ứng d&acirc;y chuyền, khiến những chiếc card RTX 40 series kh&aacute;c tăng gi&aacute; theo, chẳng hạn như c&oacute; nguồn tin cho rằng&nbsp;<a href=\"https://gearvn.com/collections/vga-rtx-4080\">RTX 4080</a>&nbsp;v&agrave;&nbsp;<a href=\"https://gearvn.com/collections/vga-rtx-4070-ti\">RTX 4070 Ti</a>&nbsp;đ&atilde; v&agrave; đang tăng gi&aacute; b&aacute;n ở một số cửa h&agrave;ng lu&ocirc;n rồi.</p>\r\n\r\n<p><strong>T&oacute;m tắt &yacute; ch&iacute;nh:</strong></p>\r\n\r\n<ul>\r\n	<li>V&igrave; RTX 4090 bị Mỹ cấm xuất khẩu sang Trung Quốc n&ecirc;n nhiều người đ&atilde; t&igrave;m card m&agrave;n h&igrave;nh kh&aacute;c để thay thế</li>\r\n	<li>Thế l&agrave; họ đ&atilde; nghĩ ngay đến AMD Radeon RX 7900 XTX</li>\r\n	<li>Do RTX 4090 đang ch&aacute;y h&agrave;ng, n&ecirc;n một số đại l&yacute; đ&atilde; tận dụng thời cơ để tăng gi&aacute; RX 7900 XTX</li>\r\n	<li>Trong đợt sự kiện 11/11/2023 vừa qua, RX 7900 XTX đ&atilde; được b&aacute;n với gi&aacute; tầm 7000 Nh&acirc;n d&acirc;n tệ</li>\r\n	<li>Nhưng dự l&agrave; sắp tới đ&acirc;y n&oacute; sẽ tăng th&ecirc;m nữa</li>\r\n</ul>\r\n\r\n<p><strong><em>Nguồn</em></strong><em>: Wccftech - AMD Radeon RX 7900 XTX GPUs Witness Price Surge In China As NVIDIA RTX 4090 Gets Banned</em></p>\r\n'),
(3, 'Nvidia ngừng sản xuất RTX 4070 Ti và RTX 4080 để chừa chỗ cho SUPER', '../assets/img/imgnews/20231201111346_nvidia-geforce-rtx-4080-super-rtx-4070-ti-super-rtx-4070-super_24e395752ca44cd78c257cd68dd32855_grande.webp', '<p><strong><em>GPU Nvidia GeForce RTX 4080 v&agrave; 4070 Ti được cho l&agrave; sẽ &ldquo;về hưu&rdquo; do ng&agrave;y ra mắt d&ograve;ng SUPER đ&atilde; cận kề.</em></strong></p>\r\n\r\n<p>C&oacute; nguồn tin cho rằng Nvidia đ&atilde; ngừng sản xuất&nbsp;<a href=\"https://gearvn.com/collections/vga-card-man-hinh\">card đồ họa</a>&nbsp;GeForce RTX 4070 Ti v&agrave; RTX 4080, cho ph&eacute;p c&aacute;c nh&agrave; ph&acirc;n phối v&agrave; đại l&yacute; b&aacute;n lẻ dần xả hết mớ card n&agrave;y trong kho để chừa chỗ nhập về những chiếc card GeForce RTX 40-series SUPER mới toanh.</p>\r\n\r\n<p><img src=\"https://file.hstatic.net/200000722513/file/boardchannels-4080-4070ti_600b1dc63b5f491f9ac41c482bef643c.jpg\" /></p>\r\n\r\n<p>&nbsp;</p>\r\n\r\n<p>Cụ thể, một b&agrave;i đăng tr&ecirc;n Board Channels cho biết Nvidia đ&atilde; ngừng sản xuất h&agrave;ng loạt đối với GPU&nbsp;<a href=\"https://gearvn.com/collections/vga-rtx-4070-ti\">RTX 4070 Ti</a>&nbsp;v&agrave;&nbsp;<a href=\"https://gearvn.com/collections/vga-rtx-4080\">RTX 4080</a>, đ&atilde; vận chuyển những đơn h&agrave;ng cuối c&ugrave;ng cho Qu&yacute; IV/2023, v&agrave; c&aacute;c h&atilde;ng card custom cũng đang đ&oacute;n chờ d&ograve;ng card SUPER mới.</p>\r\n\r\n<p>Dự l&agrave; Nvidia sẽ c&ocirc;ng bố d&ograve;ng card GeForce RTX 40-series SUPER tại sự kiện CES 2024 v&agrave;o th&aacute;ng 1/2024. Trong thời gian đầu, c&oacute; thể Nvidia sẽ ra mắt 3 chiếc card l&agrave; RTX 4080 SUPER, RTX 4070 Ti SUPER, v&agrave; RTX 4070 SUPER.</p>\r\n\r\n<p><strong>T&oacute;m tắt &yacute; ch&iacute;nh:</strong></p>\r\n\r\n<ul>\r\n	<li>B&agrave;i đăng tr&ecirc;n Board Channels cho biết Nvidia đ&atilde; ngừng sản xuất h&agrave;ng loạt đối với GPU RTX 4070 Ti v&agrave; RTX 4080</li>\r\n	<li>Điều n&agrave;y cho ph&eacute;p c&aacute;c nh&agrave; ph&acirc;n phối v&agrave; đại l&yacute; b&aacute;n lẻ xả hết mớ card n&agrave;y trong kho, chừa chỗ cho d&ograve;ng SUPER sắp ra mắt</li>\r\n	<li>Nvidia cũng đ&atilde; vận chuyển những đơn h&agrave;ng RTX 4070 Ti v&agrave; RTX 4080 cuối c&ugrave;ng cho Qu&yacute; IV/2023</li>\r\n	<li>Dự l&agrave; Nvidia sẽ c&ocirc;ng bố d&ograve;ng card GeForce RTX 40-series SUPER tại sự kiện CES 2024 v&agrave;o th&aacute;ng 1/2024</li>\r\n</ul>\r\n\r\n<p><strong><em>Nguồn</em></strong><em>: TechPowerUp - NVIDIA Halts Production of RTX 4070 Ti and RTX 4080 to Make Room for SUPER</em></p>\r\n'),
(4, 'Lộ hiệu năng AMD Radeon RX 7900M đánh bại NVIDIA RTX 4090 laptop', '../assets/img/imgnews/20231201111430_amd-radeon-rx-7900m-testing_11998cc765a643c3b51bb2bdd8236ef5_grande.webp', '<p><strong><em>GPU laptop đầu bảng của AMD - Radeon RX 7900M &ndash; đ&atilde; xuất hiện trong 1 b&agrave;i benchmark hiệu năng Vulkan v&agrave; n&oacute; c&ograve;n nhanh hơn cả NVIDIA RTX 4090 laptop.</em></strong></p>\r\n\r\n<p>AMD Radeon RX 7900M l&agrave; GPU đầu bảng của đội đỏ d&agrave;nh cho laptop v&agrave; cũng l&agrave; GPU laptop đầu ti&ecirc;n sử dụng thiết kế theo kiểu chiplet. Con chip n&agrave;y được trang bị độc quyền tr&ecirc;n laptop Alienware m18 v&agrave; đ&atilde; c&oacute; mặt tr&ecirc;n thị trường từ th&aacute;ng 10/2023, nhưng m&atilde;i đến tận b&acirc;y giờ th&igrave; n&oacute; mới lộ diện trong benchmark Geekbench OpenCL v&agrave; Vulkan.</p>\r\n\r\n<p><img src=\"https://file.hstatic.net/200000722513/file/amd-radeon-rx-7900m-gpu-official-_1-1_a89fce38550b4d268e4849706afcdfaf.jpg\" /></p>\r\n\r\n<p>&nbsp;</p>\r\n\r\n<p>RX 7900M sử dụng kiến tr&uacute;c RDNA 3 v&agrave; c&oacute; tổng cộng 36 WGPs (72 Compute Units), chứa 4608 nh&acirc;n. Suy ra số nh&acirc;n của n&oacute; nhiều hơn 20% so với 7800 XT v&agrave; thấp hơn 10% so với 7900 GRE. Xung nhịp của con GPU n&agrave;y đạt tối đa 2090MHz. N&oacute; được trang bị tổng cộng 4 MCDs, mang đến bus 256-bit v&agrave; 16GB VRAM &ndash; tương đương RTX 4090 laptop. RX 7900M c&oacute; TGP l&agrave; 160W v&agrave; c&oacute; thể được đẩy l&ecirc;n tới 200W với c&ocirc;ng nghệ SmartShift.</p>\r\n\r\n<p>Chiếc laptop Alienware m18 được trang bị CPU Ryzen 9 7945HX xịn s&ograve; với xung nhịp hơn 5GHz. Đi c&ugrave;ng l&agrave; 32GB RAM DDR5-5200.</p>\r\n\r\n<p><img src=\"https://file.hstatic.net/200000722513/file/1_55df765a82f54d059370b70d608b113e.jpg\" /></p>\r\n\r\n<p><img src=\"https://file.hstatic.net/200000722513/file/2_c7c6a93b03d4484ba92945f12017c37a.jpg\" /></p>\r\n\r\n<p>Về mặt hiệu năng Vulkan, RX 7900M đạt&nbsp;<a href=\"https://browser.geekbench.com/v6/compute/1293264\">171.430 điểm</a>, tức l&agrave; cao hơn 9% so với RTX 4090 laptop v&agrave; 25% so với RTX 4080 laptop, gần bằng RTX 4070 Ti desktop lu&ocirc;n. N&ocirc;m na th&igrave; đ&oacute; l&agrave; hiệu năng của RTX 3090 Ti hoặc RX 6950 XT nằm trong một chiếc&nbsp;<a href=\"https://gearvn.com/pages/laptop-gaming\">laptop gaming</a>&nbsp;đ&oacute;.</p>\r\n\r\n<p><img src=\"https://file.hstatic.net/200000722513/file/4_1b776121a57b49de803e0af7397440d4.jpg\" /></p>\r\n\r\n<p><img src=\"https://file.hstatic.net/200000722513/file/3_90fd5f7ec8bd42c98434829d35b62a8c.jpg\" /></p>\r\n\r\n<p>Trong b&agrave;i benchmark OpenCL, RX 7900M đạt&nbsp;<a href=\"https://browser.geekbench.com/v6/compute/1293247\">144.611 điểm</a>, v&agrave; trong trường hợp n&agrave;y th&igrave; n&oacute; yếu hơn RTX 4080 laptop khoảng 11,5%. Cơ bản th&igrave; hiệu năng OpenCL của n&oacute; nằm giữa 7800 XT v&agrave; 6800 XT.</p>\r\n\r\n<p>Hiệu năng của Vulkan sẽ quan trọng hơn, do API n&agrave;y được d&ugrave;ng nhiều trong game hơn l&agrave; OpenCL. Việc AMD dẫn đầu trong trường hợp n&agrave;y sẽ l&agrave; một tin vui đối với fan đội đỏ n&oacute;i ri&ecirc;ng v&agrave; game thủ n&oacute;i chung, v&igrave; giờ ch&uacute;ng ta đ&atilde; c&oacute; th&ecirc;m sự lựa chọn để chiến những tựa game mới ra mắt. Hi vọng l&agrave; trong tương lai gần, RX 7900M sẽ c&oacute; mặt tr&ecirc;n nhiều chiếc laptop gaming hơn nữa.</p>\r\n\r\n<p><strong>T&oacute;m tắt &yacute; ch&iacute;nh:</strong></p>\r\n\r\n<ul>\r\n	<li>RX 7900M l&agrave; GPU đầu bảng của AMD d&agrave;nh cho laptop v&agrave; cũng l&agrave; GPU laptop đầu ti&ecirc;n sử dụng thiết kế chiplet</li>\r\n	<li>Con chip n&agrave;y được trang bị độc quyền tr&ecirc;n laptop Alienware m18</li>\r\n	<li>Về hiệu năng Vulkan, RX 7900M đạt 171.430 điểm, cao hơn 9% so với RTX 4090 laptop v&agrave; 25% so với RTX 4080 laptop, gần bằng RTX 4070 Ti desktop</li>\r\n	<li>N&ocirc;m na th&igrave; đ&oacute; l&agrave; hiệu năng của RTX 3090 Ti hoặc RX 6950 XT nằm trong một chiếc laptop gaming</li>\r\n</ul>\r\n\r\n<p><strong><em>Nguồn</em></strong><em>: Wccftech - AMD Radeon RX 7900M &ldquo;RDNA 3&rdquo; Beats The NVIDIA RTX 4090 Laptop GPU In Vulkan Benchmark</em></p>\r\n'),
(6, 'Endlight - Game chỉ được chơi lại 1 lần/năm, chỉ khi vượt thử thách 1 năm có 1 lần', '../assets/img/imgnews/20231201112439_maxresdefault_e52afcbd0bbf485ab8cb0ace326cf9e2_grande.jpg', '<p><em>Endlight kh&aacute; l&agrave; hỗn loạn, nhưng đồng thời n&oacute; cũng rất vui nhộn.</em></p>\r\n\r\n<p><a href=\"https://store.steampowered.com/app/1299860/Endlight/\">Endlight</a>&nbsp;l&agrave; một tựa game tuy hỗn loạn nhưng &yacute; tưởng của n&oacute; lại rất đơn giản, v&agrave; cơ chế trong game cũng đơn giản nốt: bạn chỉ cần di chuyển luồn l&aacute;ch qua c&aacute;c khung cảnh 3D k&igrave; lạ để t&igrave;m v&agrave; thu thập những c&aacute;i v&ograve;ng v&agrave;ng l&agrave; được. Ban đầu, bạn c&oacute; thể cảm thấy cho&aacute;ng ngợp với những g&igrave; diễn ra tr&ecirc;n m&agrave;n h&igrave;nh, nhưng c&agrave;ng chơi th&igrave; bạn sẽ c&agrave;ng thấy n&oacute; cuốn h&uacute;t một c&aacute;ch bất ngờ.</p>\r\n\r\n<p><img src=\"https://file.hstatic.net/200000722513/file/rdvpyazkyrsgdpcw2bm65d_e5a139d961674963adf520fec75f6ab4.jpg\" /></p>\r\n\r\n<p>&nbsp;</p>\r\n\r\n<p>Endlight được ph&aacute;t triển bởi Jim McGinley &ndash; một người rất th&iacute;ch những tựa game ng&agrave;y xưa. &Ocirc;ng n&oacute;i rằng mấy tr&ograve; TRS-80 thời bấy giờ sẽ lấp đầy nội dung tr&ecirc;n m&agrave;n h&igrave;nh, v&agrave; Endlight cũng thế. Cho d&ugrave; bạn c&oacute; nh&igrave;n ở đ&acirc;u đi chăng nữa th&igrave; sẽ kh&ocirc;ng hề thấy khoảng trống n&agrave;o trong game n&agrave;y. V&igrave; thế n&ecirc;n bạn sẽ đ&acirc;m đầu v&agrave;o chướng ngại vật trong tr&ograve; n&agrave;y rất nhiều lần. Mấu chốt ở đ&acirc;y l&agrave; bạn phải biết khi n&agrave;o n&ecirc;n luồn l&aacute;ch, khi n&agrave;o n&ecirc;n đ&acirc;m thẳng v&agrave;o thứ xuất hiện trước mặt để c&oacute; thể bay đủ l&acirc;u nhằm thu thập 10 c&aacute;i v&ograve;ng v&agrave;ng v&agrave; ho&agrave;n th&agrave;nh m&agrave;n chơi.</p>\r\n\r\n<p><img src=\"https://file.hstatic.net/200000722513/file/7tgcsrqrmryfkupwvjxw7n_1908b2af24df42e3906962060fd58bfa.jpg\" /></p>\r\n\r\n<p>&nbsp;</p>\r\n\r\n<p>Nh&igrave;n th&igrave; c&oacute; vẻ như tr&ograve; n&agrave;y c&oacute; gi&aacute; trị chơi lại rất cao đ&oacute;, nhưng thực chất lại kh&ocirc;ng như vậy c&aacute;c bạn ạ, hoặc n&oacute;i c&aacute;ch kh&aacute;c l&agrave; bạn nhiều khi kh&ocirc;ng c&oacute; cơ hội để chơi lại lu&ocirc;n. Bạn chỉ c&oacute; thể tham gia c&aacute;c m&agrave;n chơi theo một tr&igrave;nh tự nhất định, v&agrave; m&agrave;n n&agrave;o đ&atilde; ho&agrave;n th&agrave;nh rồi th&igrave; coi như l&agrave; bạn sẽ n&oacute;i lời tạm biệt với n&oacute; lu&ocirc;n nh&eacute;. K&igrave; lạ hơn nữa l&agrave; sau khi đ&atilde; &ldquo;ph&aacute; đảo&rdquo; Endlight, bạn kh&ocirc;ng thể n&agrave;o chơi lại tr&ograve; n&agrave;y được nữa.</p>\r\n\r\n<p><img src=\"https://file.hstatic.net/200000722513/file/znaxhxs76cmy8dwlgxvu65_aadc58b187824a7fb38c0e1e7dabad40.jpg\" /></p>\r\n\r\n<p>&nbsp;</p>\r\n\r\n<p>McGinley giải th&iacute;ch rằng đ&acirc;y l&agrave; một yếu tố cốt l&otilde;i trong thiết kế của game n&agrave;y. Mỗi m&agrave;n chơi sẽ được ho&agrave;n th&agrave;nh sau khi bạn thu thập đủ 10 v&ograve;ng v&agrave;ng, bất kể thời gian l&agrave; bao l&acirc;u; nếu bạn may mắn th&igrave; đ&ocirc;i l&uacute;c g&igrave; cần v&agrave;i gi&acirc;y l&agrave; xong. Điều n&agrave;y vui đ&oacute;, nhưng n&oacute; sẽ bớt vui khi mục ti&ecirc;u l&uacute;c n&agrave;y chuyển sang việc r&uacute;t ngắn thời gian ho&agrave;n th&agrave;nh m&agrave;n chơi, do những kỷ lục về thời gian trong tr&ograve; n&agrave;y sẽ dựa v&agrave;o yếu tố may mắn nhiều hơn l&agrave; kỹ năng. Thế n&ecirc;n Endlight kh&ocirc;ng cho bạn chơi lại l&agrave; v&igrave; vậy.</p>\r\n\r\n<p><img src=\"https://file.hstatic.net/200000722513/file/havv4jtcarbzmnt3yzniwf_682fa49483c5446cb2279f6d4d018282.jpg\" /></p>\r\n\r\n<p>&nbsp;</p>\r\n\r\n<p>Tuy nhi&ecirc;n, c&oacute; 1 ngoại lệ. Đ&oacute; l&agrave; v&agrave;o ng&agrave;y 09/12 hằng năm, trong game sẽ c&oacute; 1 thử th&aacute;ch độc nhất m&agrave; tất cả game thủ sẽ c&oacute; đ&uacute;ng 1 cơ hội để thử. Ai m&agrave; vượt qua thử th&aacute;ch n&agrave;y sẽ c&oacute; được 1 c&aacute;i &ldquo;coupon&rdquo; trong game để chơi lại Endlight từ đầu cho đến cuối th&ecirc;m 1 lần nữa, trong v&ograve;ng từ thời điểm đ&oacute; cho tới khi thử th&aacute;ch &ldquo;Right to Replay&rdquo; xuất hiện trở lại v&agrave;o năm sau.</p>\r\n\r\n<p><img src=\"https://file.hstatic.net/200000722513/file/qlptsd9scxmhkvm2sza6gq_38820ad728d446a9acb7837e4d189e3a.jpg\" /></p>\r\n\r\n<p>&nbsp;</p>\r\n\r\n<p>McGinley thật sự nghi&ecirc;m t&uacute;c về chuyện n&agrave;y, đến nỗi &ocirc;ng đ&atilde; t&igrave;m đủ mọi c&aacute;ch để chặn người chơi x&agrave;i mấy chi&ecirc;u như chỉnh đồng hồ của m&aacute;y t&iacute;nh, hoặc l&agrave; sửa registry để được chơi lại Endlight. Ngo&agrave;i ra, khi bạn c&oacute; được &ldquo;coupon&rdquo; rồi th&igrave; game sẽ tạo &aacute;p lực nhằm khiến bạn kh&ocirc;ng muốn x&agrave;i &ldquo;coupon&rdquo; đ&oacute;.</p>\r\n\r\n<p><img src=\"https://file.hstatic.net/200000722513/file/qgchsvhapfhucsvbg8gpee_d0f761f242a84b849873074d4b0f0cd4.jpg\" /></p>\r\n\r\n<p>&nbsp;</p>\r\n\r\n<p>C&aacute;c m&agrave;n chơi trong Endlight cũng ngắn chứ kh&ocirc;ng c&oacute; d&agrave;i, nhưng bản th&acirc;n tr&ograve; n&agrave;y lại hứa hẹn rằng thời lượng game của n&oacute; kh&ocirc;ng hề &iacute;t. Ri&ecirc;ng phần base game th&ocirc;i l&agrave; đ&atilde; c&oacute; hơn 100 m&agrave;n chơi rồi, v&agrave; McGinley dự định sẽ tung ra th&ecirc;m 25 m&agrave;n chơi mỗi th&aacute;ng (miễn ph&iacute; cho mọi game thủ, v&agrave; tất nhi&ecirc;n l&agrave; cũng kh&ocirc;ng chơi lại được). Endlight khẳng định rằng người chơi sẽ kh&ocirc;ng thể bị kẹt ở 1 m&agrave;n n&agrave;o cả, cho n&ecirc;n bạn y&ecirc;n t&acirc;m nh&eacute;.</p>\r\n\r\n<p><img src=\"https://file.hstatic.net/200000722513/file/gt5jqvlcflqmygnydrchjh_c965bbdf349243349d8fe6cbe97716cf.jpg\" /></p>\r\n\r\n<p>&nbsp;</p>\r\n\r\n<p><strong>T&oacute;m tắt &yacute; ch&iacute;nh:</strong></p>\r\n\r\n<ul>\r\n	<li>Endlight l&agrave; một tựa game tuy hỗn loạn nhưng gameplay lại rất đơn giản</li>\r\n	<li>Nhưng m&agrave;n n&agrave;o đ&atilde; chơi xong rồi l&agrave; kh&ocirc;ng chơi lại được nữa</li>\r\n	<li>Sau khi đ&atilde; &ldquo;ph&aacute; đảo&rdquo; Endlight th&igrave; bạn cũng kh&ocirc;ng thể n&agrave;o chơi lại tr&ograve; n&agrave;y được lu&ocirc;n</li>\r\n	<li>Hằng năm, trong game sẽ c&oacute; 1 thử th&aacute;ch độc nhất m&agrave; tất cả game thủ sẽ c&oacute; đ&uacute;ng 1 cơ hội để thử</li>\r\n	<li>Ai vượt qua thử th&aacute;ch n&agrave;y sẽ được 1 c&aacute;i &ldquo;coupon&rdquo; để chơi lại Endlight từ đầu cho đến cuối th&ecirc;m 1 lần nữa</li>\r\n</ul>\r\n\r\n<p><strong><em>Nguồn</em></strong><em>: PC Gamer - This intensely weird indie game can only be replayed once a year, and only if you beat a once-a-year challenge</em></p>\r\n');

-- --------------------------------------------------------

--
-- Cấu trúc bảng cho bảng `orders`
--

CREATE TABLE `orders` (
  `order_id` int(11) NOT NULL,
  `customer_name` varchar(255) NOT NULL,
  `customer_address` text NOT NULL,
  `customer_email` varchar(255) NOT NULL,
  `customer_phone` varchar(15) NOT NULL,
  `order_status` varchar(255) DEFAULT 'Pending'
) ENGINE=InnoDB DEFAULT CHARSET=utf8mb4 COLLATE=utf8mb4_general_ci;

--
-- Đang đổ dữ liệu cho bảng `orders`
--

INSERT INTO `orders` (`order_id`, `customer_name`, `customer_address`, `customer_email`, `customer_phone`, `order_status`) VALUES
(3, 'Quang', 'Cần thơ', 'quangadmin@gmail.com', '0123455677', 'Đang giao hàng'),
(4, 'Quang', 'Cần thơ', 'quangadmin@gmail.com', '0123455677', 'Giao thành công'),
(5, 'Quang', 'Cần thơ', 'quangadmin@gmail.com', '0123455677', 'Pending'),
(6, 'Quang', 'Cần thơ', 'quangadmin@gmail.com', '0123455677', 'Pending');

-- --------------------------------------------------------

--
-- Cấu trúc bảng cho bảng `order_details`
--

CREATE TABLE `order_details` (
  `order_detail_id` int(11) NOT NULL,
  `order_id` int(11) DEFAULT NULL,
  `product_id` int(11) DEFAULT NULL,
  `quantity` int(11) DEFAULT NULL
) ENGINE=InnoDB DEFAULT CHARSET=utf8mb4 COLLATE=utf8mb4_general_ci;

--
-- Đang đổ dữ liệu cho bảng `order_details`
--

INSERT INTO `order_details` (`order_detail_id`, `order_id`, `product_id`, `quantity`) VALUES
(3, 3, 17, 1),
(4, 4, 17, 1),
(5, 5, 18, 1),
(6, 6, 19, 1);

-- --------------------------------------------------------

--
-- Cấu trúc bảng cho bảng `products`
--

CREATE TABLE `products` (
  `product_id` int(11) NOT NULL,
  `product_name` varchar(255) NOT NULL,
  `price` decimal(10,2) NOT NULL,
  `background_image` varchar(255) DEFAULT NULL,
  `configuration` text DEFAULT NULL,
  `product_info` text DEFAULT NULL,
  `category_id` int(11) DEFAULT NULL,
  `brand_id` int(11) DEFAULT NULL
) ENGINE=InnoDB DEFAULT CHARSET=utf8mb4 COLLATE=utf8mb4_general_ci;

--
-- Đang đổ dữ liệu cho bảng `products`
--

INSERT INTO `products` (`product_id`, `product_name`, `price`, `background_image`, `configuration`, `product_info`, `category_id`, `brand_id`) VALUES
(12, 'Laptop gaming ASUS TUF Gaming A16 FA617NS N3486W Advantage Edition', 26490000.00, '../assets/img/imgproducts/20231201085528_as_679637a1b598452bbfcdd4507b418566_grande.webp', '<h2><strong>Th&ocirc;ng số kỹ thuật:</strong></h2>\r\n\r\n<table border=\"1\" cellpadding=\"3\" cellspacing=\"0\">\r\n	<tbody>\r\n		<tr>\r\n			<td><strong><a href=\"https://gearvn.com/collections/cpu-bo-vi-xu-ly\" target=\"_blank\">CPU</a></strong></td>\r\n			<td>AMD Ryzen&trade; 7 7735HS Mobile Processor (8-core/16-thread, 16MB L3 cache, up to 4.7 GHz max boost)</td>\r\n		</tr>\r\n		<tr>\r\n			<td><strong><a href=\"https://gearvn.com/collections/ram-laptop\" target=\"_blank\">RAM</a></strong></td>\r\n			<td>8GB DDR5 4800MHz (2x SO-DIMM socket, up to 32GB SDRAM)</td>\r\n		</tr>\r\n		<tr>\r\n			<td><strong><a href=\"https://gearvn.com/collections/hdd-o-cung-laptop\" target=\"_blank\">Ổ cứng</a></strong></td>\r\n			<td>512GB PCIe&reg; 4.0 NVMe&trade; M.2 SSD (C&ograve;n trống 1 khe SSD M.2 PCIE Gen4x4)</td>\r\n		</tr>\r\n		<tr>\r\n			<td><strong><a href=\"https://gearvn.com/collections/vga-card-man-hinh\" target=\"_blank\">Card đồ họa</a></strong></td>\r\n			<td>AMD Radeon&trade; RX 7600S 8GB GDDR6, up to 95W(SmartShift)</td>\r\n		</tr>\r\n		<tr>\r\n			<td><strong><a href=\"https://gearvn.com/pages/man-hinh\" target=\"_blank\">M&agrave;n h&igrave;nh</a></strong></td>\r\n			<td>16&quot; WUXGA (1920 x 1200) 16:10 IPS, 165Hz/7ms, Wide View, 250nits, Narrow Bezel, Non-Glare with 72% NTSC, 100% sRGB, 75.35% Adobe RGB, FreeSync Premium</td>\r\n		</tr>\r\n		<tr>\r\n			<td><strong>Cổng giao tiếp</strong></td>\r\n			<td>\r\n			<ul>\r\n				<li>1x USB 3.2 Gen 2 Type-C support DisplayPort&trade; / power delivery</li>\r\n				<li>1x USB 3.2 Gen 2 Type-C support DisplayPort&trade;</li>\r\n				<li>2x USB 3.2 Gen 1 Type-A</li>\r\n				<li>1x RJ45 LAN port</li>\r\n				<li>1x HDMI 2.1 FRL</li>\r\n				<li>1x 3.5mm Combo Audio Jack</li>\r\n			</ul>\r\n			</td>\r\n		</tr>\r\n		<tr>\r\n			<td><strong>Audio</strong></td>\r\n			<td>Dolby Atmos</td>\r\n		</tr>\r\n		<tr>\r\n			<td><strong><a href=\"https://gearvn.com/collections/ban-phim-may-tinh\" target=\"_blank\">B&agrave;n ph&iacute;m</a></strong></td>\r\n			<td>Backlit Chiclet Keyboard Single Light</td>\r\n		</tr>\r\n		<tr>\r\n			<td><strong>Chuẩn LAN</strong></td>\r\n			<td>10/100/1000 Mbps</td>\r\n		</tr>\r\n		<tr>\r\n			<td><strong>Chuẩn WIFI</strong></td>\r\n			<td>Wi-Fi 6(802.11ax) (Dual band) 2*2</td>\r\n		</tr>\r\n		<tr>\r\n			<td><strong>Bluetooth</strong></td>\r\n			<td>v5.2</td>\r\n		</tr>\r\n		<tr>\r\n			<td><strong><a href=\"https://gearvn.com/collections/webcam\" target=\"_blank\">Webcam</a></strong></td>\r\n			<td>HD 720p</td>\r\n		</tr>\r\n		<tr>\r\n			<td><strong>Hệ điều h&agrave;nh</strong></td>\r\n			<td>Windows 11 Home</td>\r\n		</tr>\r\n		<tr>\r\n			<td><strong>Pin</strong></td>\r\n			<td>90WHrs, 4S1P, 4-cell Li-ion</td>\r\n		</tr>\r\n		<tr>\r\n			<td><strong>Trọng lượng</strong></td>\r\n			<td>2.2 kg</td>\r\n		</tr>\r\n		<tr>\r\n			<td><strong>M&agrave;u sắc</strong></td>\r\n			<td>Sandstorm</td>\r\n		</tr>\r\n		<tr>\r\n			<td><strong>K&iacute;ch thước</strong></td>\r\n			<td>35.5 x 25.2 x 2.21 ~ 2.68 cm</td>\r\n		</tr>\r\n	</tbody>\r\n</table>\r\n', '<p>✔&nbsp;Bảo h&agrave;nh ch&iacute;nh h&atilde;ng 24&nbsp;th&aacute;ng.&nbsp;</p>\r\n\r\n<p>✔ Hỗ trợ đổi mới trong 7 ng&agrave;y.&nbsp;</p>\r\n\r\n<p>✔ Windows bản quyền t&iacute;ch hợp.&nbsp;</p>\r\n\r\n<p>✔ Miễn ph&iacute; giao h&agrave;ng to&agrave;n quốc.</p>\r\n\r\n<hr />\r\n<p><strong>QU&Agrave; TẶNG:</strong></p>\r\n\r\n<p><a href=\"https://gearvn.com/blogs/tin-tuc/dai-tiec-rog-san-qua-toi-tuf\">🎁 &quot;Đại Tiệc ROG - Săn Qu&agrave; Tới TUF&quot;- Nhận bộ qu&agrave; độc quyền ROG (Từ 15.11 đến 31.12.2023)</a></p>\r\n\r\n<p><a href=\"https://gearvn.com/blogs/tin-tuc/laptop-deal-xin-lap-truat-lam-gi-cung-chat\">🎁 Thẻ qu&agrave; tặng Got It trị gi&aacute; 300.000đ (Đến hết 30.11.2023)</a></p>\r\n\r\n<p>&nbsp;</p>\r\n\r\n<hr />\r\n<p>⭐&nbsp;<a href=\"http://gearvn.com/pages/chuong-trinh-mua-kem-pc-gearvn\" target=\"_blank\"><strong>Ưu đ&atilde;i l&ecirc;n đến 54% khi mua k&egrave;m Laptop</strong>&nbsp;xem ngay tại đ&acirc;y</a></p>\r\n\r\n<p>&nbsp;</p>\r\n\r\n<p><strong>Hỗ&nbsp;trợ trả g&oacute;p MPOS (Thẻ t&iacute;n dụng), HDSAISON&nbsp;(<a href=\"https://gearvn.com/pages/huong-dan-tra-gop\">Xem chi tiết</a>).</strong></p>\r\n\r\n<p>&nbsp;</p>\r\n\r\n<p>&nbsp;</p>\r\n\r\n<h2>Khuyến m&atilde;i</h2>\r\n\r\n<ul>\r\n	<li>\r\n	<p>Ưu đ&atilde;i 500.000đ khi n&acirc;ng cấp RAM d&agrave;nh cho Laptop Gaming.&nbsp;<a href=\"https://gearvn.com/collections/chuong-trinh-khuyen-mai/?id=6568650970498200120b01ec&amp;item_group_id=IG2\">(Xem th&ecirc;m)</a></p>\r\n	</li>\r\n</ul>\r\n', 1, 1),
(13, 'Laptop gaming Lenovo Legion Slim 5 16APH8 82Y9002YVN', 37990000.00, '../assets/img/imgproducts/20231201115532_82y9002yvn_13e99a5776eb4943916c02e42df7e793_grande.webp', '<h2><strong>Th&ocirc;ng số kỹ thuật:</strong></h2>\r\n\r\n<table border=\"1\" cellpadding=\"3\" cellspacing=\"0\">\r\n	<tbody>\r\n		<tr>\r\n			<td><a href=\"https://gearvn.com/collections/cpu-bo-vi-xu-ly\"><strong>CPU</strong></a></td>\r\n			<td>AMD Ryzen&trade; 7 7840HS (8 Cores / 16 Threads, 3.8 / 5.1GHz, 8MB L2 / 16MB L3)</td>\r\n		</tr>\r\n		<tr>\r\n			<td><strong><a href=\"https://gearvn.com/collections/ram-pc\">RAM</a></strong></td>\r\n			<td>2 x 8GB DDR5 5600MHz (2x SO-DIMM socket, up to 32GB SDRAM)</td>\r\n		</tr>\r\n		<tr>\r\n			<td><a href=\"https://gearvn.com/collections/hdd-o-cung-laptop\" target=\"_blank\"><strong>Ổ cứng</strong></a></td>\r\n			<td>512GB&nbsp;<a href=\"https://gearvn.com/collections/ssd-o-cung-the-ran\" target=\"_blank\">SSD</a>&nbsp;M.2 2280 PCIe 4.0x4 NVMe (C&ograve;n trống 1 khe M2 2280 PCIe 4.0 x4)</td>\r\n		</tr>\r\n		<tr>\r\n			<td><a href=\"https://gearvn.com/collections/vga-card-man-hinh\"><strong>Card đồ họa</strong></a></td>\r\n			<td>NVIDIA&reg; GeForce RTX&trade; 4060 8GB GDDR6, Boost Clock 2370MHz, TGP 140W</td>\r\n		</tr>\r\n		<tr>\r\n			<td><a href=\"https://gearvn.com/pages/man-hinh\"><strong>M&agrave;n h&igrave;nh</strong></a></td>\r\n			<td>16&quot; WQXGA (2560x1600) IPS 300nits Anti-glare, 100% sRGB, 165Hz, Dolby&reg; Vision&trade;, FreeSync&trade;, G-SYNC&reg;, Low Blue Light</td>\r\n		</tr>\r\n		<tr>\r\n			<td><strong>Cổng kết nối</strong></td>\r\n			<td>\r\n			<ul>\r\n				<li>1x USB 3.2 Gen 2</li>\r\n				<li>1x USB 3.2 Gen 2 (Always On)</li>\r\n				<li>1x USB-C&reg; 3.2 Gen 2 (support data transfer and DisplayPort&trade; 1.4)</li>\r\n				<li>1x USB-C&reg; 3.2 Gen 2 (support data transfer, Power Delivery 140W and DisplayPort&trade; 1.4)</li>\r\n				<li>1x HDMI&reg; 2.1, up to 8K/60Hz</li>\r\n				<li>1x Card reader</li>\r\n				<li>1x Ethernet (RJ-45)</li>\r\n				<li>1x Headphone / microphone combo jack (3.5mm)</li>\r\n			</ul>\r\n			</td>\r\n		</tr>\r\n		<tr>\r\n			<td><a href=\"https://gearvn.com/collections/ban-phim-may-tinh\" target=\"_blank\"><strong>B&agrave;n ph&iacute;m</strong></a></td>\r\n			<td>4-Zone RGB Backlit, English</td>\r\n		</tr>\r\n		<tr>\r\n			<td><strong>Audio</strong></td>\r\n			<td>High Definition (HD) Audio, Realtek&reg; ALC3287 codec</td>\r\n		</tr>\r\n		<tr>\r\n			<td><strong>Chuẩn Lan</strong></td>\r\n			<td>100/1000M</td>\r\n		</tr>\r\n		<tr>\r\n			<td><strong>Wifi + Bluetooth</strong></td>\r\n			<td>Wi-Fi&reg; 6E, 11ax 2x2 + BT5.1</td>\r\n		</tr>\r\n		<tr>\r\n			<td><a href=\"https://gearvn.com/collections/webcam\"><strong>Webcam</strong></a></td>\r\n			<td>FHD 1080p with E-shutter</td>\r\n		</tr>\r\n		<tr>\r\n			<td><strong>Hệ điều h&agrave;nh&nbsp;&nbsp; &nbsp;</strong></td>\r\n			<td><a href=\"https://gearvn.com/blogs/thu-thuat-giai-dap/windows-11-22h2\" target=\"_blank\">Windows 11</a>&nbsp;Home</td>\r\n		</tr>\r\n		<tr>\r\n			<td><strong>Pin</strong></td>\r\n			<td>Integrated 80Wh</td>\r\n		</tr>\r\n		<tr>\r\n			<td><strong>Trọng lượng</strong></td>\r\n			<td>2.4 kg</td>\r\n		</tr>\r\n		<tr>\r\n			<td><strong>M&agrave;u sắc</strong></td>\r\n			<td>Storm Grey</td>\r\n		</tr>\r\n		<tr>\r\n			<td><strong>K&iacute;ch thước&nbsp;&nbsp; &nbsp;</strong></td>\r\n			<td>359.7 x 260.3 x 19.9-25.2mm</td>\r\n		</tr>\r\n	</tbody>\r\n</table>\r\n', '<p>✔&nbsp;Bảo h&agrave;nh ch&iacute;nh h&atilde;ng 36&nbsp;th&aacute;ng.&nbsp;</p>\r\n\r\n<p>✔ Hỗ trợ đổi mới trong 7 ng&agrave;y.&nbsp;</p>\r\n\r\n<p>✔ Windows bản quyền t&iacute;ch hợp.&nbsp;</p>\r\n\r\n<p>✔ Miễn ph&iacute; giao h&agrave;ng to&agrave;n quốc.</p>\r\n\r\n<hr />\r\n<p>⭐&nbsp;<a href=\"http://gearvn.com/pages/chuong-trinh-mua-kem-pc-gearvn\" target=\"_blank\"><strong>Ưu đ&atilde;i l&ecirc;n đến 54% khi mua k&egrave;m Laptop</strong>&nbsp;xem ngay tại đ&acirc;y</a></p>\r\n\r\n<p><strong>Hỗ&nbsp;trợ trả g&oacute;p MPOS (Thẻ t&iacute;n dụng), HDSAISON&nbsp;(<a href=\"https://gearvn.com/pages/huong-dan-tra-gop\">Xem chi tiết</a>).</strong></p>\r\n\r\n<p>&nbsp;</p>\r\n\r\n<h2>Khuyến m&atilde;i</h2>\r\n\r\n<ul>\r\n	<li>\r\n	<p>Giảm ngay 100K khi mua Microsoft Office k&egrave;m Laptop tại GEARVN.&nbsp;<a href=\"https://gearvn.com/collections/chuong-trinh-khuyen-mai/?id=6531ef86d5f8bd00121253b4&amp;item_group_id=IG2\">(Xem th&ecirc;m)</a></p>\r\n	</li>\r\n	<li>\r\n	<p>Ưu đ&atilde;i 50.000đ khi mua th&ecirc;m t&uacute;i chống sốc k&egrave;m Laptop.&nbsp;<a href=\"https://gearvn.com/collections/chuong-trinh-khuyen-mai/?id=6544666f304d250012c6f5cb&amp;item_group_id=IG2\">(Xem th&ecirc;m)</a></p>\r\n	</li>\r\n	<li>\r\n	<p>Ưu đ&atilde;i 500.000đ khi mua th&ecirc;m Balo ASUS ROG với laptop.&nbsp;<a href=\"https://gearvn.com/collections/chuong-trinh-khuyen-mai/?id=6551f344304d25001203db39&amp;item_group_id=IG2\">(Xem th&ecirc;m)</a></p>\r\n	</li>\r\n	<li>\r\n	<p>Ưu đ&atilde;i 500.000đ khi n&acirc;ng cấp RAM d&agrave;nh cho Laptop Gaming.&nbsp;<a href=\"https://gearvn.com/collections/chuong-trinh-khuyen-mai/?id=6568650970498200120b01ec&amp;item_group_id=IG2\">(Xem th&ecirc;m)</a></p>\r\n	</li>\r\n</ul>\r\n', 1, 6),
(14, 'Laptop gaming Acer Predator Helios Neo PHN16 71 7460', 36490000.00, '../assets/img/imgproducts/20231201122458_phn16-71-7460_228e8248eced42d493bec74649e4d471_large_918bf986ef874c2cac32a48026e7875c_grande.webp', '<h2>Th&ocirc;ng tin sản phẩm</h2>\r\n\r\n<p>&nbsp;</p>\r\n\r\n<h2><strong>TH&Ocirc;NG SỐ KĨ THUẬT :</strong></h2>\r\n\r\n<p>&nbsp;</p>\r\n\r\n<table border=\"1\" cellpadding=\"3\" cellspacing=\"0\">\r\n	<tbody>\r\n		<tr>\r\n			<td><strong><a href=\"https://gearvn.com/collections/cpu-bo-vi-xu-ly\" target=\"_blank\">CPU</a></strong></td>\r\n			<td>Intel Core i7-13700HX 2.1GHz up to 5.0GHz 30MB</td>\r\n		</tr>\r\n		<tr>\r\n			<td><strong><a href=\"https://gearvn.com/collections/ram-pc\" target=\"_blank\">RAM</a></strong></td>\r\n			<td>8GB (8x1) DDR5 4800MHz (2x SO-DIMM socket, up to 32GB SDRAM)</td>\r\n		</tr>\r\n		<tr>\r\n			<td><strong><a href=\"https://gearvn.com/collections/hdd-o-cung-pc\" target=\"_blank\">Ổ cứng</a></strong></td>\r\n			<td>512GB PCIe NVMe SED SSD (C&ograve;n trống 1 khe SSD M.2 PCIE Gen 4)</td>\r\n		</tr>\r\n		<tr>\r\n			<td><strong><a href=\"https://gearvn.com/collections/vga-card-man-hinh\" target=\"_blank\">VGA</a></strong></td>\r\n			<td>NVIDIA&reg; GeForce RTX&trade; 4050 6GB GDDR6</td>\r\n		</tr>\r\n		<tr>\r\n			<td><strong><a href=\"https://gearvn.com/pages/man-hinh\" target=\"_blank\">M&agrave;n h&igrave;nh</a></strong></td>\r\n			<td>16&quot; WQXGA (2560 x 1600), 500 nits, 165Hz, sRGB: 100%, Acer ComfyView&trade;, IPS</td>\r\n		</tr>\r\n		<tr>\r\n			<td><br />\r\n			<strong>Cổng giao tiếp</strong></td>\r\n			<td>\r\n			<ul>\r\n				<li>2x USB Type-C&trade; port (supporting USB 3.2 Gen 2 (up to 10 Gbps); DisplayPort over USB-C; Thunderbolt&trade; 4; USB charging 5 V - 3 A, DC-in port 20 V - 65 W)</li>\r\n				<li>1x USB 3.2 Gen 1</li>\r\n				<li>1x USB 3.2 Gen 2</li>\r\n				<li>1x USB 3.2 Gen 2 featuring power off USB charging</li>\r\n				<li>1x HDMI&reg; 2.1 port with HDCP support</li>\r\n				<li>1x 3.5 mm headphone/speaker jack, supporting headsets with built-in microphone</li>\r\n				<li>1x Ethernet (RJ-45) port</li>\r\n				<li>1x DC-in jack for AC adapter&quot;</li>\r\n				<li>1x MicroSD&trade; Card reader</li>\r\n			</ul>\r\n			</td>\r\n		</tr>\r\n		<tr>\r\n			<td><strong><a href=\"https://gearvn.com/collections/ban-phim-may-tinh\" target=\"_blank\">B&agrave;n ph&iacute;m</a></strong></td>\r\n			<td>RGB 4 Zone</td>\r\n		</tr>\r\n		<tr>\r\n			<td><strong>Audio</strong></td>\r\n			<td>DTS X:Ultra Audio</td>\r\n		</tr>\r\n		<tr>\r\n			<td><strong>Chu&acirc;̉n LAN</strong></td>\r\n			<td>Killer Ethernet E2600</td>\r\n		</tr>\r\n		<tr>\r\n			<td><strong>Chuẩn WIFI</strong></td>\r\n			<td>Killer&trade; Wi-Fi 6 AX 1650i (2x2)</td>\r\n		</tr>\r\n		<tr>\r\n			<td><strong>Bluetooth</strong></td>\r\n			<td>v5.1</td>\r\n		</tr>\r\n		<tr>\r\n			<td><strong><a href=\"https://gearvn.com/collections/webcam\" target=\"_blank\">Webcam</a></strong></td>\r\n			<td>1080p HD video at 60 fps with Temporal Noise Reduction</td>\r\n		</tr>\r\n		<tr>\r\n			<td><strong>Hệ điều h&agrave;nh</strong></td>\r\n			<td>Windows 11 Home</td>\r\n		</tr>\r\n		<tr>\r\n			<td><strong>Pin</strong></td>\r\n			<td>4 cell, 90Whr</td>\r\n		</tr>\r\n		<tr>\r\n			<td><strong>Trọng lượng</strong></td>\r\n			<td>2.6 kg</td>\r\n		</tr>\r\n		<tr>\r\n			<td><strong>M&agrave;u sắc</strong></td>\r\n			<td>Abyssal Black</td>\r\n		</tr>\r\n		<tr>\r\n			<td><strong>Kích thước</strong></td>\r\n			<td>360.1 x 279.9 x 26.55~28.25 (mm)</td>\r\n		</tr>\r\n	</tbody>\r\n</table>\r\n', '<h2><strong>Đ&aacute;nh gi&aacute; chi tiết laptop gaming Acer Predator Helios Neo PHN16-71-7460</strong></h2>\r\n\r\n<p><a href=\"https://gearvn.com/collections/laptop-gaming-acer\" target=\"_blank\">Laptop Acer</a>&nbsp;Predator Helios Neo PHN16-71-7460 được ra đời như một biểu tượng&nbsp;<a href=\"https://gearvn.com/pages/laptop-gaming\" target=\"_blank\">laptop gaming</a>&nbsp;mạnh mẽ của nh&agrave; Acer. Hứa hẹn sẽ mang lại nhiều trải nghiệm th&uacute; vị cho c&aacute;c game thủ tr&ecirc;n chặng đường sắp tới. C&ugrave;ng&nbsp;<a href=\"https://gearvn.com/\" target=\"_blank\">GEARVN</a>&nbsp;t&igrave;m hiểu đ&aacute;nh gi&aacute; về sản phẩm n&agrave;y nh&eacute;!</p>\r\n\r\n<p><img alt=\"GEARVN - Laptop gaming Acer Predator Helios Neo PHN16-71-7460\" src=\"https://file.hstatic.net/1000026716/file/gearvn-laptop-gaming-acer-predator-helios-neo-phn16-71-7460-1_e444d7115b4f4de2ac0808d07845f9af.png\" /></p>\r\n\r\n<h3><strong>Phong c&aacute;ch mạnh mẽ, ngoại h&igrave;nh thu h&uacute;t&nbsp;</strong></h3>\r\n\r\n<p><a href=\"https://gearvn.com/collections/laptop-acer-predator-series\" target=\"_blank\">Acer Predator Helios</a>&nbsp;Neo sở hữu ngoại h&igrave;nh v&ocirc; c&ugrave;ng bắt mắt với t&ocirc;ng m&agrave;u đen c&aacute; t&iacute;nh. Từng đường n&eacute;t cắt x&eacute;n được thiết kế tỉ mỉ nhằm tăng th&ecirc;m phần mạnh mẽ của sản phẩm. Logo d&ograve;ng Acer Predator được đặt tại trung t&acirc;m của phần nắp m&aacute;y tạo một điểm nhấn ấn tượng của chiếc&nbsp;<a href=\"https://gearvn.com/collections/laptop-gaming-cao-cap-gia-soc\" target=\"_blank\">laptop gaming cao cấp</a>&nbsp;nh&agrave; Acer.&nbsp;</p>\r\n\r\n<p><img alt=\"GEARVN - Laptop gaming Acer Predator Helios Neo PHN16-71-7460\" src=\"https://file.hstatic.net/1000026716/file/gearvn-laptop-gaming-acer-predator-helios-neo-phn16-71-7460-5_e9e0ca8af4144f75bbf50749aab27f24.png\" /></p>\r\n\r\n<p>Trải nghiệm b&agrave;n ph&iacute;m l&agrave; một trong những điều th&iacute;ch th&uacute; m&agrave; bất kỳ game thủ n&agrave;o cũng muốn. Với thiết kế bố cục ph&iacute;m ti&ecirc;u chuẩn hỗ trợ đ&egrave;n nền RGB 4 v&ugrave;ng rực rỡ gia tăng th&ecirc;m điểm thu h&uacute;t tr&ecirc;n d&ograve;ng Helios Neo. Sẵn s&agrave;ng trong mọi thao t&aacute;c tham chiến game đầy căng thẳng c&ugrave;ng game thủ.&nbsp;</p>\r\n\r\n<p><img alt=\"GEARVN - Laptop gaming Acer Predator Helios Neo PHN16-71-7460\" src=\"https://file.hstatic.net/1000026716/file/gearvn-laptop-gaming-acer-predator-helios-neo-phn16-71-7460-4_88ebc4d1693148668305222c197a9048.png\" /></p>\r\n\r\n<h3><strong>Sức mạnh vượt trội tr&ecirc;n Acer Predator Helios Neo PHN16-71-7460</strong></h3>\r\n\r\n<p>Acer Predator Helios Neo PHN16-71-7460 mang đến hiệu năng đỉnh cao. Sở hữu Acer Predator Helios Neo, game thủ như nắm trong tay ch&igrave;a kh&oacute;a để chinh phục mọi tựa game kh&oacute; nhằn c&ugrave;ng đồng đội. Sử dụng sức mạnh từ con chip Intel Core i7&nbsp;thế hệ thứ 13 để xử l&yacute; nhanh gọn mọi thao t&aacute;c. V&agrave; tận dụng sức mạnh từ chiếc card đồ họa rời Geforce RTX 4050 để mang đến trải nghiệm trọn vẹn về đồ họa đẹp mắt.&nbsp;</p>\r\n\r\n<p><img alt=\"GEARVN - Laptop gaming Acer Predator Helios Neo PHN16-71-7460\" src=\"https://file.hstatic.net/1000026716/file/gearvn-laptop-gaming-acer-predator-helios-neo-phn16-71-7460-2_0d7cdc7b64914290a5ba4728fd7aff1c.png\" /></p>\r\n\r\n<p>Với bộ nhớ RAM 8GB&nbsp;<a href=\"https://gearvn.com/collections/ram-pc-ddr5\" target=\"_blank\">DDR5</a>&nbsp;hỗ trợ mọi t&aacute;c vụ đa nhiệm mượt m&agrave;. Thỏa sức mở nhiều ứng dụng, chạy nhiều ứng dụng dung lượng cao trong c&ugrave;ng l&uacute;c như livestream, lướt web, chỉnh sửa đồ họa... B&ecirc;n cạnh đ&oacute;, Acer Predator Helios Neo c&ograve;n hỗ trợ th&ecirc;m 2 khe cắm để thỏa sức người d&ugrave;ng trong việc n&acirc;ng cấp RAM l&ecirc;n đến 32GB. Biến chiếc laptop gaming Acer th&agrave;nh vũ kh&iacute; hủy diệt cực đỉnh trong việc bắt trọn từng khoảnh khắc khi chơi game.&nbsp;</p>\r\n\r\n<h3><strong>Tản nhiệt nhanh ch&oacute;ng&nbsp;</strong></h3>\r\n\r\n<p>Để duy tr&igrave; được hiệu suất cao trong khoảng thời gian d&agrave;i Acer Predator Helios Neo kh&ocirc;ng thể thiếu đi hệ thống tản nhiệt. Trang bị bộ phận tản nhiệt đỉnh cao từ thương hiệu với 2 quạt kim loại 3D AeroBlade thế hệ 5 c&ugrave;ng lớp keo tản nhiệt lỏng d&agrave;nh ri&ecirc;ng cho CPU Gen 13. L&agrave;m m&aacute;t nhanh hơn, đảm bảo hoạt động của từng linh kiện b&ecirc;n trong một c&aacute;ch tối ưu nhất.&nbsp;</p>\r\n\r\n<p><img alt=\"GEARVN - Laptop gaming Acer Predator Helios Neo PHN16-71-7460\" src=\"https://file.hstatic.net/1000026716/file/gearvn-laptop-gaming-acer-predator-helios-neo-phn16-71-7460-7_aa8d9adc81b94c9cb421a4dc1388a46f.png\" /></p>\r\n\r\n<h3><strong>M&agrave;n h&igrave;nh chất lượng với h&igrave;nh ảnh chi tiết&nbsp;</strong></h3>\r\n\r\n<p>Acer Predator Helios Neo trang bị k&iacute;ch thước m&agrave;n h&igrave;nh 16inch với tỷ lệ ho&agrave;n hảo 16:10. Độ ph&acirc;n giải cao WQXGA (2560 x 1600) c&ugrave;ng tần số qu&eacute;t 165Hz mang lại h&igrave;nh ảnh sắc n&eacute;t tr&ecirc;n từng chi tiết. Độ bao phủ m&agrave;u sRGB: 100% với khả năng hiển thị v&agrave; xử l&yacute; m&agrave;u sắc đa dạng tạo ra hiển thị sống động trong từng chuyển động khi chơi game.&nbsp;</p>\r\n\r\n<p><img alt=\"GEARVN - Laptop gaming Acer Predator Helios Neo PHN16-71-7460\" src=\"https://file.hstatic.net/1000026716/file/gearvn-laptop-gaming-acer-predator-helios-neo-phn16-71-7460-3_874a5b9f6d06432ea24f050373617629.png\" /></p>\r\n\r\n<h3><strong>Kết nối đa dạng</strong></h3>\r\n\r\n<p>Acer Predator Helios Neo trang bị đầy đủ cổng kết nối m&agrave; người d&ugrave;ng cần. Nằm dọc theo c&aacute;c cạnh của m&aacute;y để việc gh&eacute;p nối c&ugrave;ng c&aacute;c thiết bị ngoại vi thuận lợi hơn. Bao gồm 2 cổng USB Type C, USB 3.2, HDMI, RJ45 v&agrave; jack cắm tai nghe 3.5mm,...để bạn thoải m&aacute;i kết nối với c&aacute;c thiết bị ngoại vi kh&aacute;c, n&acirc;ng cao trải nghiệm sử dụng&nbsp;<a href=\"https://gearvn.com/collections/laptop\" target=\"_blank\">laptop</a>.</p>\r\n\r\n<p><img alt=\"GEARVN - Laptop gaming Acer Predator Helios Neo PHN16-71-7460\" src=\"https://file.hstatic.net/1000026716/file/gearvn-laptop-gaming-acer-predator-helios-neo-phn16-71-7460-8_0780397310c1417ca18d9dc55d4340b0.png\" /></p>\r\n', 1, 2),
(15, 'Laptop gaming MSI GF63 12UC 887VN', 19790000.00, '../assets/img/imgproducts/20231201122642_gf63-final_6ce8b15400404b2baf9632d843a2c4c7_large_c22125bccefc4149b1b7321cfc2ed062_grande.webp', '<h2><strong>Th&ocirc;ng tin sản phẩm</strong></h2>\r\n\r\n<p>&nbsp;</p>\r\n\r\n<h2><strong>Th&ocirc;ng số kỹ thuật:</strong></h2>\r\n\r\n<table border=\"1\" cellspacing=\"0\">\r\n	<tbody>\r\n		<tr>\r\n			<td><strong><a href=\"https://gearvn.com/collections/cpu-bo-vi-xu-ly\">CPU</a></strong></td>\r\n			<td>Intel Core i7-12650H&nbsp;3.5GHz up to 4.70GHz 24MB, 10 nh&acirc;n, 16 luồng</td>\r\n		</tr>\r\n		<tr>\r\n			<td><strong><a href=\"https://gearvn.com/collections/ram-pc\">RAM</a></strong></td>\r\n			<td>8GB (8x1) DDR4 3200MHz (2x SO-DIMM socket, up to 64GB SDRAM)</td>\r\n		</tr>\r\n		<tr>\r\n			<td><strong><a href=\"https://gearvn.com/collections/hdd-o-cung-laptop\" target=\"_blank\">Ổ cứng</a></strong></td>\r\n			<td>512GB NVMe PCIe Gen 4x4&nbsp;<a href=\"https://gearvn.com/collections/ssd-o-cung-the-ran\">SSD</a>&nbsp;( C&ograve;n trống 1 khe 2.5&quot; SATA)</td>\r\n		</tr>\r\n		<tr>\r\n			<td><strong><a href=\"https://gearvn.com/collections/vga-card-man-hinh\">Card đồ họa</a></strong></td>\r\n			<td>Nvidia Geforce RTX 3050 4GB GDDR6</td>\r\n		</tr>\r\n		<tr>\r\n			<td><a href=\"https://gearvn.com/pages/man-hinh\" target=\"_blank\"><strong>M&agrave;n h&igrave;nh</strong></a></td>\r\n			<td>15.6&quot; FHD (1920 x 1080) IPS 144Hz, Thin Bezel,&nbsp;45%NTSC</td>\r\n		</tr>\r\n		<tr>\r\n			<td><strong>Cổng giao tiếp</strong></td>\r\n			<td>\r\n			<ul>\r\n				<li>1x Type-C USB3.2 Gen1&nbsp;(support DisplayPort)</li>\r\n				<li>3x Type-A USB3.2 Gen1</li>\r\n				<li>1x (4K @ 30Hz) HDMI</li>\r\n				<li>1x RJ45</li>\r\n				<li>1x Mic-in</li>\r\n				<li>1x Headphone-out</li>\r\n			</ul>\r\n			</td>\r\n		</tr>\r\n		<tr>\r\n			<td><strong>Audio</strong></td>\r\n			<td>2 x 2W Speaker</td>\r\n		</tr>\r\n		<tr>\r\n			<td><a href=\"https://gearvn.com/collections/ban-phim-may-tinh\" target=\"_blank\"><strong>B&agrave;n ph&iacute;m</strong></a></td>\r\n			<td>Single LED Red</td>\r\n		</tr>\r\n		<tr>\r\n			<td><strong>Đọc thẻ nhớ</strong></td>\r\n			<td>None</td>\r\n		</tr>\r\n		<tr>\r\n			<td><strong>Chuẩn LAN</strong></td>\r\n			<td>Gb LAN</td>\r\n		</tr>\r\n		<tr>\r\n			<td><strong>Chuẩn WIFI</strong></td>\r\n			<td>802.11 ax Wi-Fi 6</td>\r\n		</tr>\r\n		<tr>\r\n			<td><strong>Bluetooth</strong></td>\r\n			<td>v5.2</td>\r\n		</tr>\r\n		<tr>\r\n			<td><strong><a href=\"https://gearvn.com/collections/webcam\">Webcam</a></strong></td>\r\n			<td>HD type (30fps@720p)</td>\r\n		</tr>\r\n		<tr>\r\n			<td><strong>Hệ điều h&agrave;nh</strong></td>\r\n			<td>Windows 11 Home</td>\r\n		</tr>\r\n		<tr>\r\n			<td><strong>Pin</strong></td>\r\n			<td>3 Cell 52.4 WHr</td>\r\n		</tr>\r\n		<tr>\r\n			<td><strong>Trọng lượng</strong></td>\r\n			<td>1.86 kg</td>\r\n		</tr>\r\n		<tr>\r\n			<td><strong>M&agrave;u sắc</strong></td>\r\n			<td>Đen</td>\r\n		</tr>\r\n		<tr>\r\n			<td><strong>K&iacute;ch thước</strong></td>\r\n			<td>359 x 254 x 21.5 mm</td>\r\n		</tr>\r\n	</tbody>\r\n</table>\r\n', '<h2><strong>Đ&aacute;nh gi&aacute; chi tiết laptop gaming MSI GF63 12UC 887VN</strong></h2>\r\n\r\n<p>MSI, một c&aacute;i t&ecirc;n kh&ocirc;ng c&ograve;n qu&aacute; xa lạ với game thủ ch&uacute;ng ta. Những sản phẩm từ nh&agrave; rồng lu&ocirc;n chiếm trọn sự y&ecirc;u th&iacute;ch của người d&ugrave;ng từ thiết kế đến gi&aacute; cả. V&agrave; nay, sẽ l&agrave; chiếc laptop gaming sở hữu những đặc điểm tr&ecirc;n với c&aacute;i t&ecirc;n&nbsp;<strong>MSI GF63 12UC 887VN</strong>. H&atilde;y c&ugrave;ng&nbsp;<a href=\"https://gearvn.com/\" target=\"_blank\">GEARVN</a>&nbsp;t&igrave;m hiểu về chiếc&nbsp;<a href=\"https://gearvn.com/pages/laptop-gaming\" target=\"_blank\">laptop gaming</a>&nbsp;gi&aacute; rẻ từ MSI sẽ được hội tụ những g&igrave; nh&eacute;!</p>\r\n\r\n<p><img alt=\"GEARVN - Laptop gaming MSI GF63 12UC 887VN\" src=\"https://file.hstatic.net/200000722513/file/gearvn-laptop-gaming-msi-cyborg-15-a12udx-621vn-1_f2354ece1a49484ea65b5c964be70815.png\" /></p>\r\n\r\n<h3><strong>Thiết kế mỏng nhẹ d&agrave;nh cho game thủ</strong></h3>\r\n\r\n<p>Những thiết kế hầm hố, khổng lồ của laptop gaming c&oacute; l&agrave;m bạn ch&aacute;n. Nếu thực sự như vậy th&igrave; MSI GF63 12UC 887VN sẽ kh&ocirc;ng l&agrave;m bạn thất vọng. Kho&aacute;c l&ecirc;n m&igrave;nh lớp &aacute;o m&agrave;u đen huyền b&iacute;, mạnh mẽ c&ugrave;ng logo MSI đặt ngay trung t&acirc;m mặt trước khẳng định thương hiệu. Cả mặt A v&agrave; chiếu nghỉ tay của laptop MSI GF63 12UC&nbsp; tạo n&ecirc;n từ kim loại mang đến vẻ sang trọng nhất định. V&agrave; bạn c&oacute; thể mang em n&oacute; đi mọi nơi nhờ v&agrave;o trọng lượng si&ecirc;u nhẹ chỉ 1.86kg v&agrave; mỏng 2.17cm.</p>\r\n\r\n<p><img alt=\"GEARVN - Laptop gaming MSI GF63 12UC 887VN\" src=\"https://file.hstatic.net/200000722513/file/gearvn-laptop-gaming-msi-cyborg-15-a12udx-621vn-7_3b1f3c98acc047cd8d3eedaa7c85e989.png\" /></p>\r\n\r\n<h3><strong>Sức mạnh tuyệt vời</strong></h3>\r\n\r\n<p>L&agrave; chiếc laptop gaming gi&aacute; rẻ nhưng MSI GF63 12UC 887VN vẫn sở hữu một sức mạnh đ&aacute;ng kinh ngạc khi được trang bị bộ vi xử l&yacute; i7-12650H đem lại khả năng xử l&yacute; những t&aacute;c vụ l&agrave;m việc nhanh ch&oacute;ng. Hướng đến khả năng chơi game, MSI GF63 12UC 887VN c&ograve;n sở hữu th&ecirc;m card đồ họa&nbsp;<a href=\"https://gearvn.com/collections/vga-rtx-ampere-3050\" target=\"_blank\">RTX 3050</a>&nbsp;hứa hẹn sẽ mang lại trải nghiệm giải tr&iacute; tuyệt vời với những tựa game Esport hoặc game AAA ở mức đồ họa Medium.</p>\r\n\r\n<p><img alt=\"GEARVN - Laptop gaming MSI GF63 12UC 887VN\" src=\"https://file.hstatic.net/200000722513/file/gearvn-laptop-gaming-msi-cyborg-15-a12udx-621vn-2_709e4a54807545028c0f4e18d839ff3f.png\" /></p>\r\n\r\n<p>Hỗ trợ th&ecirc;m đ&oacute; l&agrave; 8GB RAM gi&uacute;p bạn c&oacute; thể thực hiện c&ocirc;ng việc tr&ecirc;n nhiều t&aacute;c vụ c&ugrave;ng l&uacute;c. V&agrave; kh&ocirc;ng thể thiếu nơi lưu trữ t&agrave;i liệu c&ocirc;ng việc hay game với 512GB SSD tr&ecirc;n MSI GF63 12UC 887VN, cung cấp kh&ocirc;ng gian cho bạn thoải m&aacute;i tải v&agrave; sử dụng phần mềm.</p>\r\n\r\n<h3><strong>Thiết kế tản nhiệt ti&ecirc;n tiến</strong></h3>\r\n\r\n<p>Hệ thống tản nhiệt tr&ecirc;n MSI GF63 12UC 887VN được do ch&iacute;nh thương hiệu tinh chỉnh hướng đến khả năng tho&aacute;t nhiệt &ecirc;m hơn, m&aacute;t hơn cho chiếc laptop gi&uacute;p đem lại hiệu năng sử dụng mạnh mẽ nhất đến game thủ. C&aacute;c khe tho&aacute;t kh&iacute; được trang bị b&ecirc;n dưới mặt A c&ugrave;ng 2 b&ecirc;n cạnh m&aacute;y của MSI GF63.</p>\r\n\r\n<p><img alt=\"GEARVN - Laptop gaming MSI GF63 12UC 887VN\" src=\"https://file.hstatic.net/200000722513/file/gearvn-laptop-gaming-msi-cyborg-15-a12udx-621vn-6_07e078b754f2441abfb48d9df0734e8b.png\" /></p>\r\n\r\n<h3><strong>M&agrave;n h&igrave;nh tối ưu cho khả năng chơi game</strong></h3>\r\n\r\n<p>Một chiếc m&agrave;n h&igrave;nh 15.6 inch, độ ph&acirc;n giải Full HD c&ugrave;ng tấm nền IPS l&agrave; khung h&igrave;nh m&agrave; MSI GF63 12UC 887VN sở hữu, sẽ mang đến cho người d&ugrave;ng những h&igrave;nh ảnh chi tiết, sắc n&eacute;t. Điểm ăn tiền sẽ khiến MSI GF63 12UC vượt bậc trong tầm gi&aacute; đ&oacute; l&agrave; tần số qu&eacute;t l&ecirc;n đến&nbsp;<a href=\"https://gearvn.com/collections/man-hinh-144hz\" target=\"_blank\">144Hz</a>&nbsp;khiến cho những pha h&agrave;nh động ở c&aacute;c tựa game trở n&ecirc;n mượt m&agrave; hơn, đem lại lợi thế cho game thủ ch&uacute;ng ta.</p>\r\n\r\n<p><img alt=\"GEARVN - Laptop gaming MSI GF63 12UC 887VN\" src=\"https://file.hstatic.net/200000722513/file/gearvn-laptop-gaming-msi-cyborg-15-a12udx-621vn-3_f6a8d405280144dba4e947e0dcd8c7d6.png\" /></p>\r\n\r\n<h3><strong>Giải tr&iacute; audio đỉnh cao</strong></h3>\r\n\r\n<p>C&ugrave;ng h&ograve;a nhịp trong những bản nhạc lossless, chất lượng cao khi MSI GF63 12UC mang đến c&ocirc;ng nghệ xử l&yacute; &acirc;m thanh Audio Boost. Giải tr&iacute; với MSI GF63 sẽ thực sự tuyệt vời trong thời gian rảnh.</p>\r\n\r\n<h3><strong>Cổng kết nối đa dạng v&agrave; tiện lợi</strong></h3>\r\n\r\n<p>Kh&ocirc;ng thể thiếu những cổng kết nối tr&ecirc;n một chiếc laptop gaming như MSI GF63 12UC 887VN. Nh&agrave; rồng trang bị cho &quot;chiến binh&quot; của m&igrave;nh những cổng kết nối th&ocirc;ng dụng nhất với USB 3.2 Gen 1 Type-C/Type-A, cổng HDMI hỗ trợ xuất h&igrave;nh 4K @ 60Hz, RJ45 v&agrave; jack audio. Tất cả được hội tụ đầy đủ tr&ecirc;n MSI GF63 phục vụ mọi nhu cầu kết nối với c&aacute;c thiết bị ngoại vi khi sử dụng.</p>\r\n\r\n<p><img alt=\"GEARVN - Laptop gaming MSI GF63 12UC 887VN\" src=\"https://file.hstatic.net/200000722513/file/gearvn-laptop-gaming-msi-cyborg-15-a12udx-621vn-10_8bb1f27e46b64a4884493f2fcaa69c70.png\" /></p>\r\n', 1, 3),
(16, 'Laptop gaming Gigabyte G5 MF5 52VN353SH', 24490000.00, '../assets/img/imgproducts/20231201122750_05a3b4354b5a27555f4510780_large_19db3dd766fa42f1983f345b05bf6887_large_c02ac12a328f43ff85f527fd93656ecf_grande.webp', '<h2>Th&ocirc;ng tin sản phẩm</h2>\r\n\r\n<p>&nbsp;</p>\r\n\r\n<p>&nbsp;</p>\r\n\r\n<h2>&nbsp;<strong>Th&ocirc;ng số kỹ thuật</strong><strong>:&nbsp;</strong></h2>\r\n\r\n<table border=\"1\" cellpadding=\"3\" cellspacing=\"0\">\r\n	<tbody>\r\n		<tr>\r\n			<td><strong><a href=\"https://gearvn.com/collections/cpu-bo-vi-xu-ly\">CPU</a></strong></td>\r\n			<td>Intel Core i5-13500H (Up to 4.7 GHz) 12 Cores 16 Threads, 18MB Cache</td>\r\n		</tr>\r\n		<tr>\r\n			<td><strong><a href=\"https://gearvn.com/collections/ram-laptop\">RAM</a></strong></td>\r\n			<td>16GB DDR5 4800MHz (2 khe ram, n&acirc;ng cấp tối đa 64GB RAM)</td>\r\n		</tr>\r\n		<tr>\r\n			<td><strong><a href=\"https://gearvn.com/collections/ssd-laptop\">Ổ cứng</a></strong></td>\r\n			<td>512GB&nbsp;<a href=\"https://gearvn.com/collections/ssd-m-2-pcie-gen-3x4\" target=\"_blank\">SSD M.2 PCIE</a>&nbsp;G4X4 (2 khe M.2, C&ograve;n trống 1 khe SSD M.2 PCIE G3x4)</td>\r\n		</tr>\r\n		<tr>\r\n			<td><strong><a href=\"https://gearvn.com/collections/vga-card-man-hinh\">Card đồ họa</a></strong></td>\r\n			<td>NVIDIA&reg; GeForce RTX&trade; 4050 Laptop GPU 6GB GDDR6<br />\r\n			Boost Clock 2130MHz / Maximum Graphics Power 75W</td>\r\n		</tr>\r\n		<tr>\r\n			<td><strong><a href=\"https://gearvn.com/collections/man-hinh\">M&agrave;n h&igrave;nh</a></strong></td>\r\n			<td>15.6 inch FHD (1920x1080), 144Hz, IPS-level, Thin Bezel, 45% NTSC</td>\r\n		</tr>\r\n		<tr>\r\n			<td><strong>Cổng giao tiếp</strong></td>\r\n			<td>1 x USB 2.0 port (Type A)<br />\r\n			1 x USB 3.2 Gen 1 port (Type A)<br />\r\n			2 x USB 3.2 Gen 2 port (Type C)<br />\r\n			1 x Mini DP 1.4<br />\r\n			1 x HDMI&trade; (with HDCP)<br />\r\n			1 x 2-in-1 Audio Jack (Headphone / Microphone)<br />\r\n			1 x Microphone Jack<br />\r\n			1 x RJ-45 LAN port<br />\r\n			1 x DC-in jack<br />\r\n			1 x MicroSD Card Reader</td>\r\n		</tr>\r\n		<tr>\r\n			<td><a href=\"https://gearvn.com/collections/ban-phim-may-tinh\" target=\"_blank\"><strong>B&agrave;n ph&iacute;m</strong></a></td>\r\n			<td>B&agrave;n ph&iacute;m fullsize, hỗ trợ LED 15 m&agrave;u</td>\r\n		</tr>\r\n		<tr>\r\n			<td><strong>Chuẩn LAN</strong></td>\r\n			<td>LAN: 1GB</td>\r\n		</tr>\r\n		<tr>\r\n			<td><strong>Chuẩn WIFI</strong></td>\r\n			<td>WIFI: Intel&reg; Wi-Fi 6E</td>\r\n		</tr>\r\n		<tr>\r\n			<td><strong>Bluetooth</strong></td>\r\n			<td>Bluetooth V5.2&nbsp;</td>\r\n		</tr>\r\n		<tr>\r\n			<td><strong>Audio</strong></td>\r\n			<td>2x 2W Speaker<br />\r\n			Microphone<br />\r\n			DTS:X&reg; Ultra Audio Technology</td>\r\n		</tr>\r\n		<tr>\r\n			<td><a href=\"https://gearvn.com/collections/webcam\" target=\"_blank\"><strong>Webcam</strong></a></td>\r\n			<td>1.0M HD video camera</td>\r\n		</tr>\r\n		<tr>\r\n			<td><strong>Hệ điều h&agrave;nh</strong></td>\r\n			<td>Windows 11 Home</td>\r\n		</tr>\r\n		<tr>\r\n			<td><strong>Pin</strong></td>\r\n			<td>4 Cell 54Whrs</td>\r\n		</tr>\r\n		<tr>\r\n			<td><strong>Trọng lượng</strong></td>\r\n			<td>~2.08kg</td>\r\n		</tr>\r\n		<tr>\r\n			<td><strong>M&agrave;u sắc</strong></td>\r\n			<td>Đen</td>\r\n		</tr>\r\n		<tr>\r\n			<td><strong>K&iacute;ch thước</strong></td>\r\n			<td>36.0 (W) x 23.8 (D) x 2.27(H) cm</td>\r\n		</tr>\r\n	</tbody>\r\n</table>\r\n', '<h2><strong>Đ&aacute;nh gi&aacute; chi tiết laptop gaming Gigabyte G5</strong></h2>\r\n', 1, 7),
(17, 'Laptop HP 240 G9 6L1Y2PA', 15290000.00, '../assets/img/imgproducts/20231201123026_6l1y2pa_bc802bb991424d33a1104ae3c7cf155c_grande.webp', '<h2><strong>Th&ocirc;ng số kỹ thuật:</strong></h2>\r\n\r\n<table border=\"1\" cellpadding=\"3\" cellspacing=\"0\">\r\n	<tbody>\r\n		<tr>\r\n			<td><strong><a href=\"https://gearvn.com/collections/cpu-bo-vi-xu-ly\" target=\"_blank\">CPU</a></strong></td>\r\n			<td>Intel Core i5-1235U Processor 3.30Ghz (12M Cache, upto 4.40Ghz, 10 Cores 12 Threads)</td>\r\n		</tr>\r\n		<tr>\r\n			<td><strong><a href=\"https://gearvn.com/collections/ram-pc\" target=\"_blank\">RAM</a></strong></td>\r\n			<td>8GB&nbsp;<a href=\"https://gearvn.com/collections/ddr4-8gb\">DDR4</a>&nbsp;3200MHz (C&ograve;n 1 slot SO-DIMM, n&acirc;ng cấp tối đa 16GB)</td>\r\n		</tr>\r\n		<tr>\r\n			<td><strong><a href=\"http://gearvn.com/collections/ssd-laptop\" target=\"_blank\">Ổ cứng</a></strong></td>\r\n			<td>512GB&nbsp;<a href=\"https://gearvn.com/collections/ssd-o-cung-the-ran\" target=\"_blank\">SSD</a>&nbsp;M.2 NVMe&trade; PCIe&reg; 3.0&nbsp;(1 Slot, n&acirc;ng cấp tối đa 1TB)</td>\r\n		</tr>\r\n		<tr>\r\n			<td><strong><a href=\"https://gearvn.com/collections/vga-card-man-hinh\" target=\"_blank\">VGA</a></strong></td>\r\n			<td>Intel&reg; UHD Graphics</td>\r\n		</tr>\r\n		<tr>\r\n			<td><a href=\"https://gearvn.com/pages/man-hinh\" target=\"_blank\"><strong>M&agrave;n h&igrave;nh</strong></a></td>\r\n			<td>14&quot; FHD (1920 x 1080),&nbsp;IPS, narrow bezel, anti-glare, 250 nits, 45% NTSC</td>\r\n		</tr>\r\n		<tr>\r\n			<td><strong>Cổng giao tiếp</strong></td>\r\n			<td>\r\n			<ul>\r\n				<li>1 x USB 3.2 Gen 1 Type-C</li>\r\n				<li>2 x USB 3.1&nbsp;Gen 1 Type-A</li>\r\n				<li>1 x HDMI 1.4b</li>\r\n				<li>1 x 3.5mm Combo Audio Jack</li>\r\n				<li>1 x DC-in</li>\r\n			</ul>\r\n			</td>\r\n		</tr>\r\n		<tr>\r\n			<td><strong><a href=\"https://gearvn.com/collections/ban-phim-may-tinh\" target=\"_blank\">B&agrave;n ph&iacute;m</a></strong></td>\r\n			<td>Kh&ocirc;ng LED</td>\r\n		</tr>\r\n		<tr>\r\n			<td><a href=\"http://gearvn.com/collections/thiet-bi-tai-nghe-loa-audio-chuyen-nghiep\" target=\"_blank\"><strong>Audio</strong></a></td>\r\n			<td>Dual stereo speakers, dual array microphones</td>\r\n		</tr>\r\n		<tr>\r\n			<td><strong>Đọc thẻ nhớ</strong></td>\r\n			<td>None</td>\r\n		</tr>\r\n		<tr>\r\n			<td><strong>Chuẩn LAN</strong></td>\r\n			<td>Realtek RTL8111HSH-CG 10/100/1000 GbE NIC</td>\r\n		</tr>\r\n		<tr>\r\n			<td><strong>Chuẩn WIFI</strong></td>\r\n			<td>Wi-Fi 6(802.11ax) (Dual band) 2*2</td>\r\n		</tr>\r\n		<tr>\r\n			<td><strong>Bluetooth</strong></td>\r\n			<td>v5.2</td>\r\n		</tr>\r\n		<tr>\r\n			<td><strong><a href=\"https://gearvn.com/collections/webcam\">Webcam</a></strong></td>\r\n			<td>720p HD camera With privacy shutter</td>\r\n		</tr>\r\n		<tr>\r\n			<td><strong>Hệ điều h&agrave;nh</strong></td>\r\n			<td>Windows 11 Home</td>\r\n		</tr>\r\n		<tr>\r\n			<td><strong>Pin</strong></td>\r\n			<td>41WHrs, 3S1P, 3-cell Li-ion</td>\r\n		</tr>\r\n		<tr>\r\n			<td><strong>Trọng lượng</strong></td>\r\n			<td>1.47 kg</td>\r\n		</tr>\r\n		<tr>\r\n			<td><strong>M&agrave;u sắc</strong></td>\r\n			<td>Asteroid silver</td>\r\n		</tr>\r\n		<tr>\r\n			<td><strong>K&iacute;ch thước</strong></td>\r\n			<td>324 x 225.9 x 19.9 mm</td>\r\n		</tr>\r\n	</tbody>\r\n</table>\r\n', '<h2><strong>Đ&aacute;nh gi&aacute; chi tiết laptop HP 240 G9 6L1Y2PA</strong></h2>\r\n\r\n<p><a href=\"https://gearvn.com/collections/laptop-hp-van-phong-pho-thong\" target=\"_blank\">Laptop HP</a>&nbsp;240 G9 6L1Y2PA thiết kế tối giản, trọng lượng nhẹ hỗ trợ khả năng di chuyển dễ d&agrave;ng mỗi ng&agrave;y. Hiệu suất hoạt động mạnh mẽ ph&ugrave; hợp với c&aacute;c c&ocirc;ng việc v&agrave; học tập hằng ng&agrave;y. Đ&acirc;y c&ograve;n l&agrave; một trong những ứng cử vi&ecirc;n s&aacute;ng gi&aacute; nếu bạn đang t&igrave;m một chiếc laptop ngon - bổ - rẻ.&nbsp;</p>\r\n\r\n<p><img alt=\"GEARVN - Laptop HP 240 G9 6L1Y2PA\" src=\"https://file.hstatic.net/200000722513/file/gearvn-laptop-hp-240-g9-6l1y2pa-1_c9064898ba554422ab11a58a5912c73c_1024x1024.png\" /></p>\r\n\r\n<h3><strong>M&aacute;y t&iacute;nh x&aacute;ch tay HP 240 G9 6L1Y2PA thiết kế đơn giản v&agrave; bền</strong></h3>\r\n\r\n<p><a href=\"https://gearvn.com/collections/laptop\" target=\"_blank\">Laptop</a>&nbsp;HP c&oacute; thiết kế sang trọng v&agrave; lịch l&atilde;m với độ d&agrave;y 19,9 mm mang lại cảm gi&aacute;c d&agrave;y hơn. Ngo&agrave;i ra, trọng lượng của m&aacute;y chỉ khoảng 1,47 kg, thuận tiện cho v&agrave;o balo hay t&uacute;i x&aacute;ch to, c&oacute; thể mang theo thoải m&aacute;i mọi l&uacute;c mọi nơi, linh hoạt khi học tập v&agrave; l&agrave;m việc. Vỏ được l&agrave;m bằng nhựa m&agrave;u x&aacute;m bạc nhưng nh&igrave;n tổng thể độ sang trọng v&agrave; độ bền đ&atilde; đạt đến độ ho&agrave;n thiện cao.</p>\r\n\r\n<p><img alt=\"GEARVN - Laptop HP 240 G9 6L1Y2PA\" src=\"https://file.hstatic.net/200000722513/file/gearvn-laptop-hp-240-g9-6l1y2pa-4_9c0249546df746138994333f296f632f_1024x1024.png\" /></p>\r\n\r\n<p>B&agrave;n ph&iacute;m sử dụng thiết kế bề mặt mờ cứng c&aacute;p, gi&uacute;p chống b&aacute;m mồ h&ocirc;i, l&acirc;u phai m&agrave;u khi sử dụng l&acirc;u, c&oacute; m&agrave;u đen đồng bộ với khung viền m&agrave;n h&igrave;nh gi&uacute;p tăng t&iacute;nh thẩm mỹ. Đặc biệt chiếc m&aacute;y t&iacute;nh n&agrave;y c&ograve;n được t&ocirc; điểm th&ecirc;m một chi tiết rất tinh tế, đ&oacute; l&agrave; phần gờ nổi b&ecirc;n phải camera độ n&eacute;t cao gi&uacute;p bạn dễ d&agrave;ng mở nắp hơn.</p>\r\n\r\n<h2><strong>Cấu h&igrave;nh mạnh mẽ v&agrave; mượt m&agrave;</strong></h2>\r\n\r\n<p>HP 240 G9 được trang bị bộ vi xử l&yacute; Intel Core i5 Alder Lake&nbsp;thế hệ thứ 12 cấu&nbsp; tr&uacute;c 10 nh&acirc;n, 12 luồng.&nbsp;Do đ&oacute;, c&aacute;c y&ecirc;u cầu&nbsp;học tập, l&agrave;m việc v&agrave; lướt Internet nghe nhạc, xem phim, giải tr&iacute; laptop HP đều c&oacute; thể đ&aacute;p ứng được. Đồ họa t&iacute;ch hợp Intel UHD Graphics gi&uacute;p giải quyết c&aacute;c vấn đề về h&igrave;nh ảnh, độ ph&acirc;n giải v&agrave; phần mềm li&ecirc;n quan đến đồ họa (chẳng hạn như Photoshop cơ bản).</p>\r\n\r\n<p><img alt=\"GEARVN - Laptop HP 240 G9 6L1Y2PA\" src=\"https://file.hstatic.net/200000722513/file/gearvn-laptop-hp-240-g9-6l1y2pa-2_24556b56dd9548bfae49a9bd5061b788_1024x1024.png\" /></p>\r\n\r\n<p>Ngo&agrave;i ra, bộ nhớ 8GB DDR4 c&oacute; khả năng đa t&aacute;c vụ ổn định gi&uacute;p m&aacute;y sử dụng mượt m&agrave;, c&oacute; thể mở Word, Excel, PowerPoint,... Sử dụng 512GB NVMe PCIe SSD tốc độ đọc v&agrave; ghi, truy cập dữ liệu v&agrave; bộ nhớ để lưu trữ t&agrave;i liệu, tệp &acirc;m thanh, h&igrave;nh ảnh, video, v.v. Nhờ ổ cứng n&agrave;y, m&aacute;y chạy nhanh v&agrave; hiệu quả hơn.</p>\r\n\r\n<h2><strong>Đa dạng cổng kết nối thiết bị</strong></h2>\r\n\r\n<p>Laptop được trang bị c&aacute;c cổng kết nối phổ biến như cổng USB C tốc độ si&ecirc;u cao, USB 3.1, HDMI, jack sạc, jack cắm tai nghe,&hellip; gi&uacute;p bạn c&oacute; thể dễ d&agrave;ng kết nối với thiết bị v&agrave; truyền tải dữ liệu.&nbsp;Bluetooth 5.2 hỗ trợ kết nối c&aacute;c thiết bị ngoại vi, an to&agrave;n hơn v&agrave; gi&uacute;p m&aacute;y t&iacute;nh kh&oacute; bị tấn c&ocirc;ng &aacute;c &yacute; hơn.</p>\r\n\r\n<p><img alt=\"GEARVN - Laptop HP 240 G9 6L1Y2PA\" src=\"https://file.hstatic.net/200000722513/file/gearvn-laptop-hp-240-g9-6l1y2pa-5_5f2117ced3504f36af6ccf31d9e6277d_1024x1024.png\" /></p>\r\n\r\n<h2><strong>Laptop HP 240 G9 6L1Y2PA m&agrave;n h&igrave;nh sắc n&eacute;t</strong></h2>\r\n\r\n<p>M&agrave;n h&igrave;nh laptop 14 inch với độ ph&acirc;n giải cao (1920x1080) thể hiện những h&igrave;nh ảnh c&oacute; độ ph&acirc;n giải cao, mang đến những trải nghiệm h&igrave;nh ảnh r&otilde; n&eacute;t v&agrave; sống động nhất. C&ocirc;ng nghệ chống ch&oacute;i Anti Glare v&agrave; độ s&aacute;ng m&agrave;n h&igrave;nh l&ecirc;n đến 250 nits kết hợp với tấm nền IPS mang đến g&oacute;c nh&igrave;n rộng đa hướng, r&otilde; n&eacute;t hơn, kh&ocirc;ng g&acirc;y ch&oacute;i v&agrave; mỏi mắt ngay cả khi sử dụng để học tập.</p>\r\n\r\n<p><img alt=\"GEARVN - Laptop HP 240 G9 6L1Y2PA\" src=\"https://file.hstatic.net/200000722513/file/gearvn-laptop-hp-240-g9-6l1y2pa-3_7e8c64a695614faea8136e9f07c2716d_1024x1024.png\" /></p>\r\n', 1, 1),
(18, 'Laptop gaming Gigabyte AORUS 5 KE4 72VN314SH', 33900000.00, '../assets/img/imgproducts/20231201123255_gaming-gigabyte-aorus-5-ke4-72vn314sh_3e41d57a059a4de489974bdff222dd49_c93452ca109e4d778f53f8c57788b070_grande.jpg', '<p><strong>TH&Ocirc;NG SỐ KĨ THUẬT :&nbsp;</strong></p>\r\n\r\n<table border=\"1\" cellpadding=\"3\" cellspacing=\"0\">\r\n	<tbody>\r\n		<tr>\r\n			<td><a href=\"https://gearvn.com/collections/cpu-bo-vi-xu-ly\">CPU</a></td>\r\n			<td>Intel Core i7-12700H 3.5GHz up to 4.7GHz 24MB</td>\r\n		</tr>\r\n		<tr>\r\n			<td><a href=\"https://gearvn.com/collections/ram-pc\">RAM</a></td>\r\n			<td>16GB (8x2) DDR4 3200MHz (2x SO-DIMM socket, up to 64GB SDRAM)</td>\r\n		</tr>\r\n		<tr>\r\n			<td>Ổ cứng</td>\r\n			<td>1TB&nbsp;<a href=\"https://gearvn.com/collections/ssd-o-cung-the-ran\">SSD</a>&nbsp;M.2 PCIE G4X4 ( supports 2x NVMe PCIe Gen4)</td>\r\n		</tr>\r\n		<tr>\r\n			<td><a href=\"https://gearvn.com/collections/vga-card-man-hinh\">Card đồ họa</a>&nbsp;</td>\r\n			<td>NVIDIA&reg; GeForce&nbsp;<a href=\"https://gearvn.com/collections/vga-rtx-ampere-3060-12gb\">RTX 3060</a>&nbsp;Laptop GPU 6GB GDDR6 Boost Clock 1605 MHz, Maximum Graphics Power 115 W</td>\r\n		</tr>\r\n		<tr>\r\n			<td><a href=\"https://gearvn.com/pages/man-hinh\">M&agrave;n h&igrave;nh</a></td>\r\n			<td>15.6&quot; FHD (1920x1080) IPS-level Anti-glare Display LCD (240Hz, 72% NTSC)</td>\r\n		</tr>\r\n		<tr>\r\n			<td>Cổng kết nối</td>\r\n			<td>1x Thunderbolt&trade; 4 (Type-C)<br />\r\n			3x USB 3.2 Gen1 (Type-A)<br />\r\n			1x HDMI 2.1<br />\r\n			1x mini DP 1.4<br />\r\n			1x RJ45<br />\r\n			1x audio jack (Head Phone out/MIC in)<br />\r\n			1x DC input</td>\r\n		</tr>\r\n		<tr>\r\n			<td><a href=\"https://gearvn.com/collections/ban-phim-may-tinh\">B&agrave;n ph&iacute;m</a></td>\r\n			<td>Three-Zone RGB Keyboard</td>\r\n		</tr>\r\n		<tr>\r\n			<td>Audio</td>\r\n			<td>DTS:X&reg; Ultra</td>\r\n		</tr>\r\n		<tr>\r\n			<td>Đọc thẻ nhớ</td>\r\n			<td>UHS-II SD Card Reader (Optional)</td>\r\n		</tr>\r\n		<tr>\r\n			<td>Chuẩn LAN</td>\r\n			<td>RTL8125-BG REALTEK (2.5G) Ethernet</td>\r\n		</tr>\r\n		<tr>\r\n			<td>Chuẩn WiFi</td>\r\n			<td>Intel&reg; Wi-Fi 6E AX211 (Gig+) Wireless (802.11ax, a/b/g/n/ac/ax compatible)</td>\r\n		</tr>\r\n		<tr>\r\n			<td>Bluetooth</td>\r\n			<td>Bluetooth&reg; V5.2</td>\r\n		</tr>\r\n		<tr>\r\n			<td><a href=\"https://gearvn.com/collections/webcam\">Webcam</a></td>\r\n			<td>HD Camera</td>\r\n		</tr>\r\n		<tr>\r\n			<td>Hệ điều h&agrave;nh</td>\r\n			<td>Windows 11 Home</td>\r\n		</tr>\r\n		<tr>\r\n			<td>Pin</td>\r\n			<td>4 Cell 99 WHrs</td>\r\n		</tr>\r\n		<tr>\r\n			<td>Trọng lượng</td>\r\n			<td>2.3kg</td>\r\n		</tr>\r\n		<tr>\r\n			<td>M&agrave;u sắc</td>\r\n			<td>Black</td>\r\n		</tr>\r\n		<tr>\r\n			<td>K&iacute;ch thước</td>\r\n			<td>357 x 254 x23,6~27,4 (mm)</td>\r\n		</tr>\r\n	</tbody>\r\n</table>\r\n', '<h2><strong>Đ&aacute;nh gi&aacute; chi tiết sản phẩm laptop gaming Gigabyte AORUS 5 KE4 72VN314SH</strong></h2>\r\n\r\n<p>M&aacute;y t&iacute;nh x&aacute;ch tay chơi game AORUS 5 được thiết kế d&agrave;nh cho những game thủ chuy&ecirc;n nghiệp. Với bộ vi xử l&yacute; Intel Core i7 thế hệ thứ 12 mới nhất, hiệu năng ấn tượng cho ph&eacute;p game thủ thể hiện tất cả c&aacute;c kỹ năng của m&igrave;nh.</p>\r\n\r\n<h3><strong>M&agrave;n h&igrave;nh chuẩn gaming FHD 240Hz</strong></h3>\r\n\r\n<p>Sử dụng cho m&igrave;nh m&agrave;n h&igrave;nh k&iacute;ch thước 15.6 inch th&ocirc;ng dụng,&nbsp;<a href=\"https://gearvn.com/pages/laptop-gaming\">laptop gaming</a>&nbsp;Gigabyte AORUS 5 KE4 72VN314SH cho người d&ugrave;ng trải nghiệm quen thuộc với tầm nh&igrave;n rộng, c&ocirc;ng nghệ chống ch&oacute;i Anti-glare hiệu quả c&ugrave;ng 72% NTSC mang đến chất lượng h&igrave;nh ảnh sắc n&eacute;t, ch&acirc;n thật, kh&ocirc;ng bị x&eacute; h&igrave;nh trong qu&aacute; tr&igrave;nh sử dụng. Từ đ&oacute; cho ph&eacute;p người chơi phản hồi ngay lập tức, đưa tr&ograve; chơi của bạn l&ecirc;n một tầm cao mới v&agrave; nắm bắt thời điểm quan trọng để chiến thắng!</p>\r\n\r\n<p><img alt=\"Laptop gaming Gigabyte AORUS 5 KE4 72VN314SH\" src=\"https://file.hstatic.net/1000026716/file/laptop-gaming-gigabyte-aorus-5-ke4-72vn314sh-3_79b273ec2efb4733b6b533747e0b876d_grande.jpg\" /></p>\r\n\r\n<h3><strong>Hiệu năng ấn tượng với CPU Gen 12 v&agrave; VGA RTX 3060</strong></h3>\r\n\r\n<p>L&agrave; sự kết hợp ho&agrave;n hảo giữa thiết kế khung m&aacute;y v&agrave; kỹ thuật l&agrave;m m&aacute;t độc quyền cho ph&eacute;p GPU v&agrave; CPU ph&aacute;t huy hết tiềm năng m&agrave; ch&uacute;ng sở hữu. Gigabyte AORUS 5 KE4 72VN314SH được trang bị bộ vi xử l&yacute; 14 l&otilde;i Intel Core i7-12700H thế hệ thứ 12, bao gồm 6 l&otilde;i hiệu suất v&agrave; 8 l&otilde;i hiệu quả, cho ph&eacute;p chạy mượt m&agrave; với c&aacute;c tr&ograve; chơi đ&ograve;i hỏi khắt khe v&agrave; tải t&aacute;c vụ nặng.</p>\r\n\r\n<p>GPU laptop NVIDIA GeForce RTX 3060 cung cấp năng lượng mạnh mẽ cho d&agrave;nh cho game thủ v&agrave; thiết kế đồ họa. Được x&acirc;y dựng với Ampere - kiến ​​tr&uacute;c RTX thế hệ thứ 2 của NVIDIA - cung cấp cho bạn khả năng theo d&otilde;i tia ch&acirc;n thực nhất v&agrave; c&aacute;c t&iacute;nh năng AI ti&ecirc;n tiến như NVIDIA DLSS, c&ocirc;ng nghệ Max-Q mới sử dụng AI để cho ph&eacute;p m&aacute;y t&iacute;nh x&aacute;ch tay mỏng, hiệu suất cao nhanh hơn v&agrave; tốt hơn bao giờ hết.</p>\r\n\r\n<p><img alt=\"Laptop gaming Gigabyte AORUS 5 KE4 72VN314SH\" src=\"https://file.hstatic.net/1000026716/file/laptop-gaming-gigabyte-aorus-5-ke4-72vn314sh-2_959ec4b0774f476bab5ca1dfb4af099b_grande.jpg\" /></p>\r\n\r\n<h3><strong>Hỗ trợ c&ocirc;ng nghệ đồ họa đẹp mắt</strong></h3>\r\n\r\n<p><strong>NVIDIA DLSS:&nbsp;</strong>Gi&uacute;p tăng tốc độ tr&ograve; chơi với chất lượng h&igrave;nh ảnh kh&ocirc;ng thể ch&ecirc; v&agrave;o đ&acirc;u được. Tăng cường c&agrave;i đặt v&agrave; độ ph&acirc;n giải để c&oacute; trải nghiệm h&igrave;nh ảnh tốt nhất.</p>\r\n\r\n<p><strong>Ray Tracing:</strong>&nbsp;C&ocirc;ng nghệ m&ocirc; phỏng c&aacute;ch &aacute;nh s&aacute;ng hoạt động trong thế giới thực để tạo ra đồ họa ch&acirc;n thực.</p>\r\n\r\n<p><strong>NVIDIA Max-Q:&nbsp;</strong>L&agrave; bộ c&ocirc;ng nghệ được hỗ trợ bởi AI gi&uacute;p tối ưu h&oacute;a laptop để mang lại hiệu suất cao d&ugrave; c&oacute; k&iacute;ch thước mỏng nhẹ.</p>\r\n\r\n<h3><strong>Hệ thống tản nhiệt hiệu suất tốc độ tối đa</strong></h3>\r\n\r\n<p>M&aacute;y t&iacute;nh x&aacute;ch tay chơi game AORUS sử dụng c&ocirc;ng nghệ l&agrave;m m&aacute;t tốt nhất độc quyền tr&ecirc;n thị trường. C&ocirc;ng nghệ l&agrave;m m&aacute;t ho&agrave;n to&agrave;n bằng đồng WINDFORCE Infinity c&oacute; 2 quạt với 83 c&aacute;nh quạt, 5 ống dẫn nhiệt gi&uacute;p tản nhiệt hiệu quả cho CPU v&agrave; GPU. Nhờ v&agrave;o đ&oacute; m&agrave; laptop lu&ocirc;n m&aacute;t mẻ, duy tr&igrave; hiệu suất cao trong thời gian d&agrave;i.</p>\r\n\r\n<p><img alt=\"Laptop gaming Gigabyte AORUS 5 KE4 72VN314SH\" src=\"https://file.hstatic.net/1000026716/file/laptop-gaming-gigabyte-aorus-5-ke4-72vn314sh-4_ab61ab9ca13a48d2a04e7e038d97b754_grande.jpg\" /></p>\r\n\r\n<h3><strong>Tối ưu h&oacute;a th&ocirc;ng minh, thống trị hiệu suất</strong></h3>\r\n\r\n<p>M&aacute;y t&iacute;nh x&aacute;ch tay AORUS đi k&egrave;m với c&ocirc;ng nghệ Microsoft Azure AI đột ph&aacute;. Tr&iacute; tuệ nh&acirc;n tạo n&agrave;y sẽ biết liệu một tr&ograve; chơi c&oacute; đang chạy hay kh&ocirc;ng v&agrave; tự động c&agrave;i đặt c&ocirc;ng suất CPU v&agrave; GPU tốt nhất để c&oacute; hiệu suất chơi game tối ưu. Đặc biệt t&iacute;nh năng tr&ecirc;n ho&agrave;n to&agrave;n tự động n&ecirc;n kh&ocirc;ng cần người d&ugrave;ng phải thực hiện bất kỳ thao t&aacute;c n&agrave;o.</p>\r\n\r\n<p><img alt=\"Laptop gaming Gigabyte AORUS 5 KE4 72VN314SH\" src=\"https://file.hstatic.net/1000026716/file/laptop-gaming-gigabyte-aorus-5-ke4-72vn314sh-1_4cd3ab954c0b4b0f9f1f43b7b8c8f125_grande.jpg\" /></p>\r\n\r\n<h3><strong>H&agrave;nh tr&igrave;nh ph&iacute;m ngắn</strong></h3>\r\n\r\n<p>H&agrave;nh tr&igrave;nh ph&iacute;m được thiết kế ngắn gi&uacute;p c&aacute;c lệnh được thực hiện gần như ngay lập tức với phản hồi ph&iacute;m cực nhanh tạo lợi thế trong những pha combat căng thẳng. Với tuổi thọ 10 triệu lần nhấn ph&iacute;m cũng như khả năng phản hồi tuyệt vời, đ&acirc;y chắc chắn sẽ l&agrave; trải nghiệm m&agrave; bạn kh&ocirc;ng thể qu&ecirc;n với mẫu&nbsp;<a href=\"https://gearvn.com/collections/laptop-gaming-gigabyte\">laptop gaming Gigabyte</a>&nbsp;AORUS 5 KE4 72VN314SH.</p>\r\n', 1, 7);
INSERT INTO `products` (`product_id`, `product_name`, `price`, `background_image`, `configuration`, `product_info`, `category_id`, `brand_id`) VALUES
(19, 'Laptop Dell Inspiron 15 3520 i3U082W11BLU', 12490000.00, '../assets/img/imgproducts/20231201123436_i3u082w11blu-fix_6024858859ea443fa4bb8436e9fcda54_ea5a9dc683ae4c82ab3f080c2ff77b28_grande.webp', '<h2><strong>Th&ocirc;ng số kỹ thuật:</strong></h2>\r\n\r\n<table border=\"1\" cellpadding=\"3\" cellspacing=\"0\">\r\n	<tbody>\r\n		<tr>\r\n			<td><a href=\"https://gearvn.com/collections/cpu-bo-vi-xu-ly\" target=\"_blank\"><strong>CPU</strong></a></td>\r\n			<td>Intel Core i3-1215U Processor (10MB Cache, up to 4.4 GHz)</td>\r\n		</tr>\r\n		<tr>\r\n			<td><strong><a href=\"https://gearvn.com/collections/cpu-bo-vi-xu-ly\" target=\"_blank\">RAM</a></strong></td>\r\n			<td>8GB DDR4 2666MHz (2x SO-DIMM socket, up to 16GB SDRAM)</td>\r\n		</tr>\r\n		<tr>\r\n			<td><a href=\"https://gearvn.com/collections/cpu-bo-vi-xu-ly\" target=\"_blank\"><strong>Ổ cứng</strong></a></td>\r\n			<td>256GB&nbsp;<a href=\"https://gearvn.com/collections/ssd-o-cung-the-ran\" target=\"_blank\">SSD</a>&nbsp;NVMe PCIe&nbsp;</td>\r\n		</tr>\r\n		<tr>\r\n			<td><a href=\"https://gearvn.com/collections/cpu-bo-vi-xu-ly\" target=\"_blank\"><strong>Card đồ họa</strong></a></td>\r\n			<td>Intel UHD Graphics</td>\r\n		</tr>\r\n		<tr>\r\n			<td><a href=\"https://gearvn.com/collections/cpu-bo-vi-xu-ly\" target=\"_blank\"><strong>M&agrave;n h&igrave;nh</strong></a></td>\r\n			<td>15.6 Inch FHD (1920 x 1080),120Hz, Anti- Glare LED Backlit Narrow Border Display</td>\r\n		</tr>\r\n		<tr>\r\n			<td><strong>Wireless</strong></td>\r\n			<td>802.11ax 2x2 WiFi</td>\r\n		</tr>\r\n		<tr>\r\n			<td><strong>LAN</strong></td>\r\n			<td>10/100 Mbps</td>\r\n		</tr>\r\n		<tr>\r\n			<td><strong>Bluetooth</strong></td>\r\n			<td>v5.2</td>\r\n		</tr>\r\n		<tr>\r\n			<td><strong>Cổng giao tiếp</strong></td>\r\n			<td>1 x USB 3.2 Gen 1 port (on systems configured with Type-C&reg;)<br />\r\n			2 x USB 3.2 Gen 1 ports (on systems configured with non Type-C&reg;)<br />\r\n			1 x USB 2.0 port<br />\r\n			1 x headset (headphone and microphone combo) port<br />\r\n			1 x HDMI 1.4 port<br />\r\n			One SD card slot</td>\r\n		</tr>\r\n		<tr>\r\n			<td><a href=\"https://gearvn.com/collections/webcam\" target=\"_blank\"><strong>Webcam</strong></a></td>\r\n			<td>HD Webcam</td>\r\n		</tr>\r\n		<tr>\r\n			<td><strong>Audio</strong></td>\r\n			<td>Realtek ALC3204, &acirc;m thanh Realtek</td>\r\n		</tr>\r\n		<tr>\r\n			<td><strong>Pin</strong></td>\r\n			<td>3-cell Li-ion, 41 Wh</td>\r\n		</tr>\r\n		<tr>\r\n			<td><strong>Hệ điều h&agrave;nh</strong></td>\r\n			<td>Windows 11 Home + Office Home&amp;Student</td>\r\n		</tr>\r\n		<tr>\r\n			<td><strong>K&iacute;ch thước</strong></td>\r\n			<td>358.5 x235.56x 18.9 mm (D&agrave;i x Rộng x D&agrave;y)</td>\r\n		</tr>\r\n		<tr>\r\n			<td><strong>Trọng lượng</strong></td>\r\n			<td>1.9 kg</td>\r\n		</tr>\r\n		<tr>\r\n			<td><strong>M&agrave;u sắc</strong></td>\r\n			<td>Carbon Black</td>\r\n		</tr>\r\n	</tbody>\r\n</table>\r\n', '<h2><strong>Đ&aacute;nh gi&aacute; chi tiết&nbsp;laptop Dell Inspiron 15 N3520 i3U082W11BLU</strong></h2>\r\n\r\n<p>&nbsp;</p>\r\n\r\n<p>T&ugrave;y theo nhiều nhu cầu kh&aacute;c nhau m&agrave; c&oacute; nhiều d&ograve;ng sản phẩm laptop Dell kh&aacute;c nhau. Nếu bạn đang t&igrave;m một chiếc laptop phục vụ cho nhu cầu học tập v&agrave; l&agrave;m việc hằng ng&agrave;y th&igrave;&nbsp;<a href=\"https://gearvn.com/collections/laptop-dell-inspiron-series\" target=\"_blank\">Dell Inspiron</a>&nbsp;15 3520 i3U082W11BLU sẽ l&agrave; người bạn đồng h&agrave;nh cực tốt. cấu h&igrave;nh mạnh mẽ tr&ecirc;n thiết kế đơn giản mang lại hiệu năng giải quyết mọi c&ocirc;ng việc mượt m&agrave;, nhanh ch&oacute;ng.&nbsp;</p>\r\n\r\n<p><img alt=\"GEARVN - Laptop Dell Inspiron 15 3520 i3U082W11BLU\" src=\"https://file.hstatic.net/1000026716/file/gearvn-laptop-dell-inspiron-15-n3520-i3u082w11blu-1_5b11df56370442bab4703b2c92144ad6.png\" /></p>\r\n\r\n<h3><strong>Cấu h&igrave;nh ấn tượng</strong></h3>\r\n\r\n<p>Dell Inspiron 15 3520 i3U082W11BLU sử dụng bộ vi xử l&yacute; Intel Core i3&nbsp;gen 12&nbsp;cho một hiệu năng ổn định để giải quyết mọi t&aacute;c vụ văn ph&ograve;ng trơn tru v&agrave; mượt m&agrave; nhất. Hoạt động nhanh hơn, load mọi dữ liệu th&ocirc;ng tin mượt hơn khi trang bị th&ecirc;m 8GB RAM DDR4, hỗ trợ CPU tăng tốc độ phản hồi. Để sử dụng những phần mềm nặng kh&aacute;c, c&oacute; lẽ bạn n&ecirc;n n&acirc;ng cấp th&ecirc;m RAM với 2 slot RAM để c&oacute; thể chạy nhiều t&aacute;c vụ nặng được mượt m&agrave; hơn.&nbsp;</p>\r\n\r\n<p><img alt=\"GEARVN - Laptop Dell Inspiron 15 3520 i3U082W11BLU\" src=\"https://file.hstatic.net/1000026716/file/gearvn-laptop-dell-inspiron-15-n3520-i3u082w11blu-7_807e36291e7a463cb49e5918ae20b1e3.png\" /></p>\r\n\r\n<blockquote>\r\n<p><strong>&gt;&gt;Xem th&ecirc;m:&nbsp;<a href=\"https://gearvn.com/blogs/thu-thuat-giai-dap/top-5-laptop-gia-re-cho-sinh-vien-mua-tuu-truong\" target=\"_blank\">5 mẫu laptop gi&aacute; rẻ cho sinh vi&ecirc;n m&ugrave;a tựu trường 2022</a>.</strong></p>\r\n</blockquote>\r\n\r\n<p>Bộ nhớ 256GB SSD cho khả năng lưu trữ đ&aacute;ng kinh ngạc, giải quyết ho&agrave;n to&agrave;n mọi lo lắng về lưu trữ những tệp c&oacute; dữ liệu lớn nhanh hơn bao giờ hết. B&ecirc;n cạnh đ&oacute;, mọi thao t&aacute;c khi bạn sử dụng PS, AI, PR,... đều c&oacute; thể diễn ra mượt m&agrave; nhờ laptop được t&iacute;ch hợp card đồ họa t&iacute;ch hợp&nbsp;Intel UHD Graphics.</p>\r\n\r\n<h3><strong>Thiết kế Dell Inspiron 15 đơn giản, thu h&uacute;t</strong></h3>\r\n\r\n<p><a href=\"https://gearvn.com/collections/laptop-dell-hoc-tap-va-lam-viec\" target=\"_blank\">Laptop Dell</a>&nbsp;Inspiron 15 được h&atilde;ng sản xuất v&ocirc; c&ugrave;ng đơn giản nhưng lại v&ocirc; c&ugrave;ng bền bỉ. Với những người đ&atilde; sở hữu cho m&igrave;nh những con laptop từ Dell chắc hẳn kh&ocirc;ng qu&aacute; xa lạ về độ bền m&agrave; n&oacute; mang lại. Vỏ m&aacute;y bao phủ bởi một lớp m&agrave;u đen đơn giản nhưng kh&ocirc;ng hề đơn điệu với phần logo Dell in ch&igrave;m ch&iacute;nh giữa bề mặt m&aacute;y. Nếu c&ocirc;ng việc của bạn thường xuy&ecirc;n phải di chuyển th&igrave; đừng lo khi trọng lượng si&ecirc;u nhẹ của m&aacute;y sẽ dễ d&agrave;ng đồng h&agrave;nh c&ugrave;ng bạn đi đến bất cứ đ&acirc;u.&nbsp;</p>\r\n\r\n<p><img alt=\"GEARVN - Laptop Dell Inspiron 15 3520 i3U082W11BLU\" src=\"https://file.hstatic.net/1000026716/file/gearvn-laptop-dell-inspiron-15-n3520-i3u082w11blu-3_eab7c1267d4e4c3e96f7d5f1a33553e8.png\" /></p>\r\n\r\n<h3><strong>M&agrave;n h&igrave;nh g&oacute;c rộng, độ sắc n&eacute;t cao</strong></h3>\r\n\r\n<p><a href=\"https://gearvn.com/collections/laptop\" target=\"_blank\">Laptop</a>&nbsp;sở hữu k&iacute;ch thước m&agrave;n h&igrave;nh 15.6 inch với độ ph&acirc;n giải FHD (1920x1080), vừa đủ để thực hiện c&ocirc;ng việc, giải tr&iacute; v&agrave; s&aacute;ng tạo một c&aacute;ch trọn vẹn. Đường viền được thiết kế hẹp hơn ở 2 b&ecirc;n nhằm mở rộng kh&ocirc;ng gian cho bạn c&oacute; g&oacute;c nh&igrave;n thoải m&aacute;i hơn. H&igrave;nh ảnh ch&acirc;n thật, m&agrave;u sắc sống động, độ chống l&oacute;a tốt tăng trải nghiệm v&agrave;o những thời gian sử dụng hiệu quả nhất.&nbsp;</p>\r\n\r\n<p><img alt=\"GEARVN - Laptop Dell Inspiron 15 3520 i3U082W11BLU\" src=\"https://file.hstatic.net/1000026716/file/gearvn-laptop-dell-inspiron-15-n3520-i3u082w11blu-2_5adafe841114498fa6b03c3dfc6872d8.png\" /></p>\r\n\r\n<h3><strong>Cổng giao tiếp đa dạng</strong></h3>\r\n\r\n<p>Dell Inspiron 15&nbsp;được trang bị đầy đủ c&aacute;c cổng kết nối đa dạng để bạn c&oacute; thể kết nối c&aacute;c thiết bị ngoại vi kh&aacute;c một c&aacute;ch dễ d&agrave;ng hơn. Dell đ&atilde; gắn tr&ecirc;n người &ldquo;đứa con tinh thần&rdquo; Dell Inspiron của m&igrave;nh những cổng kết nối ph&ugrave; hợp nhất:</p>\r\n\r\n<ul>\r\n	<li>1 x USB 3.2 Gen 1</li>\r\n	<li>2 x USB 3.2 Gen 1</li>\r\n	<li>1 x USB 2.0&nbsp;</li>\r\n	<li>1 x headset</li>\r\n	<li>1 x HDMI 1.4&nbsp;</li>\r\n	<li>One SD card</li>\r\n</ul>\r\n\r\n<p>&nbsp;</p>\r\n\r\n<p><img alt=\"GEARVN - Laptop Dell Inspiron 15 3520 i3U082W11BLU\" src=\"https://file.hstatic.net/1000026716/file/gearvn-laptop-dell-inspiron-15-n3520-i3u082w11blu-4_bc862245afcd48f4a9a0c679b1132a02_grande.png\" /></p>\r\n\r\n<p>&nbsp;</p>\r\n\r\n<p>Đ&acirc;y hứa hẹn ch&iacute;nh l&agrave; chiếc&nbsp;<a href=\"https://gearvn.com/collections/laptop-hoc-sinh-sinh-vien\" target=\"_blank\">laptop cho sinh vi&ecirc;n</a>&nbsp;đ&aacute;ng đầu tư nhất trong m&ugrave;a&nbsp;<a href=\"https://gearvn.com/blogs/thu-thuat-giai-dap/back-to-school-la-gi\" target=\"_blank\">back to school</a>&nbsp;n&agrave;y. Hay bạn l&agrave; nh&acirc;n vi&ecirc;n văn ph&ograve;ng cần một chiếc&nbsp;<a href=\"https://gearvn.com/collections/laptop-cao-cap-mong-nhe\" target=\"_blank\">laptop mỏng nhẹ</a>&nbsp;với hiệu năng ổn định để giải quyết mọi c&ocirc;ng việc th&igrave; Dell Inspiron 15 3520 i3U082W11BLU vẫn rất xứng đ&aacute;ng để bạn c&acirc;n nhắc.</p>\r\n\r\n<p><img alt=\"GEARVN - Laptop Dell Inspiron 15 3520 i3U082W11BLU\" src=\"https://file.hstatic.net/1000026716/file/gearvn-laptop-dell-inspiron-15-n3520-i3u082w11blu-5_af4c0cca0a8b4a9e80b6276447b2dcec.png\" /></p>\r\n', 1, 4);

-- --------------------------------------------------------

--
-- Cấu trúc bảng cho bảng `product_images`
--

CREATE TABLE `product_images` (
  `image_id` int(11) NOT NULL,
  `product_id` int(11) DEFAULT NULL,
  `image_url` varchar(255) DEFAULT NULL
) ENGINE=InnoDB DEFAULT CHARSET=utf8mb4 COLLATE=utf8mb4_general_ci;

--
-- Đang đổ dữ liệu cho bảng `product_images`
--

INSERT INTO `product_images` (`image_id`, `product_id`, `image_url`) VALUES
(23, 12, '../assets/img/imgproducts/20231201085443_dell-computer-hardware-digital-art-wallpaper-preview.jpg'),
(24, 12, '../assets/img/imgproducts/20231201085528_ge-edition-fa617ns-n3486w-r7-7735hs_1_b78c7b0e3d4d4525afc36a41ea5ef088_d25e6ca1448d46ce9df77d8449298893_grande.png'),
(25, 12, '../assets/img/imgproducts/20231201085528_ge-edition-fa617ns-n3486w-r7-7735hs_2_56d1a4d89dcd4d768adfe3e29c5a1c99_2a43ca3543c54bdbb49486955f926d09_grande.webp'),
(26, 12, '../assets/img/imgproducts/20231201085528_ge-edition-fa617ns-n3486w-r7-7735hs_3_aeff2bd239f14c739d85897ae0e9fb04_be0050ed416344a9840a6cbbafa7db9a_grande.webp'),
(27, 13, '../assets/img/imgproducts/20231201115532_legion_slim_5_16aph8_ct1_10_f82ce94ad9454834ba0e013d1f4216b8_grande.webp'),
(28, 13, '../assets/img/imgproducts/20231201115532_legion_slim_5_16aph8_ct1_11_10a544c65e7b4e47a30af2a96a369cab_grande.webp'),
(29, 14, '../assets/img/imgproducts/20231201122458_05a3b4354b5a27555f4510780_large_19db3dd766fa42f1983f345b05bf6887_large_c02ac12a328f43ff85f527fd93656ecf_grande.webp'),
(30, 14, '../assets/img/imgproducts/20231201122458_hx_1_c18e05b828d94c64b8ff05cf70f64d86_8397451b29ff4ac5bfa952647d87e331_7213dbef965d4964bf66f9781cfae7fc_grande.webp'),
(31, 15, '../assets/img/imgproducts/20231201122642_1024__2__bb277508ffa84535b4ee0bb667270550_large_a2f9aa4866844ad4b5d1bc4b1eb4a72a_grande.webp'),
(32, 15, '../assets/img/imgproducts/20231201122642_1024__3__5b41580699bf4cbbab590ad0ae77523a_large_23f49ad2481c4087bbdcbbb2b0f2e763_grande.webp'),
(33, 16, '../assets/img/imgproducts/20231201122750_1_e663dd8686e3411b973a82d0ab3d620a_grande (1).png'),
(34, 16, '../assets/img/imgproducts/20231201122750_1_e663dd8686e3411b973a82d0ab3d620a_grande.png'),
(35, 17, '../assets/img/imgproducts/20231201123026_c08227589_e208614369714232851b4c43761bb0a0_grande.png'),
(36, 17, '../assets/img/imgproducts/20231201123026_c08227618_c5a25a88eaef4722bc7021742e5b32f5_grande.png'),
(37, 18, '../assets/img/imgproducts/20231201123255_ming-gigabyte-aorus-5-ke4-72vn314sh-1_050202452d0f4f00ab12e8136db7ac17_f065c0a3f1f04c02b0eb67a98e6af093_grande.jpg'),
(38, 18, '../assets/img/imgproducts/20231201123255_ming-gigabyte-aorus-5-ke4-72vn314sh-2_3aacf6eeab89472090dc8556c9fb6b41_1a57f635753140c2a4671c0e061e1b74_grande.jpg'),
(39, 19, '../assets/img/imgproducts/20231201123436_in3520nt-cnb-00060lb055-bk_b97c424017ec470bb03ed47b13fabd99_6e0cee8b730e4e0e8f3b3894cd8809b4_grande.png'),
(40, 19, '../assets/img/imgproducts/20231201123436_in3520nt-cnb-00060rb055-bk_6fa7d1a700314c19adf6617e48435bb7_be16749271cd4ce38fc8e646619826b8_grande.png');

-- --------------------------------------------------------

--
-- Cấu trúc bảng cho bảng `users`
--

CREATE TABLE `users` (
  `user_id` int(11) NOT NULL,
  `email` varchar(255) NOT NULL,
  `phone_number` varchar(15) NOT NULL,
  `password` varchar(255) NOT NULL,
  `role` int(11) NOT NULL DEFAULT 0
) ENGINE=InnoDB DEFAULT CHARSET=utf8mb4 COLLATE=utf8mb4_general_ci;

--
-- Đang đổ dữ liệu cho bảng `users`
--

INSERT INTO `users` (`user_id`, `email`, `phone_number`, `password`, `role`) VALUES
(1, 'quangadmin@gmail.com', '0123456789', '$2y$10$y0a0L7PUBlnpqzIqkyJsSupigxOoEbYTXP6/3tMntmGefWu95D3c.', 1);

--
-- Chỉ mục cho các bảng đã đổ
--

--
-- Chỉ mục cho bảng `banners`
--
ALTER TABLE `banners`
  ADD PRIMARY KEY (`banner_id`);

--
-- Chỉ mục cho bảng `brands`
--
ALTER TABLE `brands`
  ADD PRIMARY KEY (`brand_id`);

--
-- Chỉ mục cho bảng `categories`
--
ALTER TABLE `categories`
  ADD PRIMARY KEY (`category_id`);

--
-- Chỉ mục cho bảng `news`
--
ALTER TABLE `news`
  ADD PRIMARY KEY (`news_id`);

--
-- Chỉ mục cho bảng `orders`
--
ALTER TABLE `orders`
  ADD PRIMARY KEY (`order_id`);

--
-- Chỉ mục cho bảng `order_details`
--
ALTER TABLE `order_details`
  ADD PRIMARY KEY (`order_detail_id`),
  ADD KEY `order_id` (`order_id`),
  ADD KEY `product_id` (`product_id`);

--
-- Chỉ mục cho bảng `products`
--
ALTER TABLE `products`
  ADD PRIMARY KEY (`product_id`),
  ADD KEY `fk_category` (`category_id`),
  ADD KEY `fk_brand` (`brand_id`);

--
-- Chỉ mục cho bảng `product_images`
--
ALTER TABLE `product_images`
  ADD PRIMARY KEY (`image_id`),
  ADD KEY `fk_product_id` (`product_id`);

--
-- Chỉ mục cho bảng `users`
--
ALTER TABLE `users`
  ADD PRIMARY KEY (`user_id`),
  ADD UNIQUE KEY `email` (`email`);

--
-- AUTO_INCREMENT cho các bảng đã đổ
--

--
-- AUTO_INCREMENT cho bảng `banners`
--
ALTER TABLE `banners`
  MODIFY `banner_id` int(11) NOT NULL AUTO_INCREMENT, AUTO_INCREMENT=11;

--
-- AUTO_INCREMENT cho bảng `brands`
--
ALTER TABLE `brands`
  MODIFY `brand_id` int(11) NOT NULL AUTO_INCREMENT, AUTO_INCREMENT=8;

--
-- AUTO_INCREMENT cho bảng `categories`
--
ALTER TABLE `categories`
  MODIFY `category_id` int(11) NOT NULL AUTO_INCREMENT, AUTO_INCREMENT=10;

--
-- AUTO_INCREMENT cho bảng `news`
--
ALTER TABLE `news`
  MODIFY `news_id` int(11) NOT NULL AUTO_INCREMENT, AUTO_INCREMENT=7;

--
-- AUTO_INCREMENT cho bảng `orders`
--
ALTER TABLE `orders`
  MODIFY `order_id` int(11) NOT NULL AUTO_INCREMENT, AUTO_INCREMENT=7;

--
-- AUTO_INCREMENT cho bảng `order_details`
--
ALTER TABLE `order_details`
  MODIFY `order_detail_id` int(11) NOT NULL AUTO_INCREMENT, AUTO_INCREMENT=7;

--
-- AUTO_INCREMENT cho bảng `products`
--
ALTER TABLE `products`
  MODIFY `product_id` int(11) NOT NULL AUTO_INCREMENT, AUTO_INCREMENT=20;

--
-- AUTO_INCREMENT cho bảng `product_images`
--
ALTER TABLE `product_images`
  MODIFY `image_id` int(11) NOT NULL AUTO_INCREMENT, AUTO_INCREMENT=41;

--
-- AUTO_INCREMENT cho bảng `users`
--
ALTER TABLE `users`
  MODIFY `user_id` int(11) NOT NULL AUTO_INCREMENT, AUTO_INCREMENT=2;

--
-- Các ràng buộc cho các bảng đã đổ
--

--
-- Các ràng buộc cho bảng `order_details`
--
ALTER TABLE `order_details`
  ADD CONSTRAINT `order_details_ibfk_1` FOREIGN KEY (`order_id`) REFERENCES `orders` (`order_id`),
  ADD CONSTRAINT `order_details_ibfk_2` FOREIGN KEY (`product_id`) REFERENCES `products` (`product_id`);

--
-- Các ràng buộc cho bảng `products`
--
ALTER TABLE `products`
  ADD CONSTRAINT `fk_brand` FOREIGN KEY (`brand_id`) REFERENCES `brands` (`brand_id`),
  ADD CONSTRAINT `fk_category` FOREIGN KEY (`category_id`) REFERENCES `categories` (`category_id`);

--
-- Các ràng buộc cho bảng `product_images`
--
ALTER TABLE `product_images`
  ADD CONSTRAINT `fk_product_id` FOREIGN KEY (`product_id`) REFERENCES `products` (`product_id`) ON DELETE CASCADE,
  ADD CONSTRAINT `product_images_ibfk_1` FOREIGN KEY (`product_id`) REFERENCES `products` (`product_id`);
COMMIT;

/*!40101 SET CHARACTER_SET_CLIENT=@OLD_CHARACTER_SET_CLIENT */;
/*!40101 SET CHARACTER_SET_RESULTS=@OLD_CHARACTER_SET_RESULTS */;
/*!40101 SET COLLATION_CONNECTION=@OLD_COLLATION_CONNECTION */;
